Sentence_id,Text,class_label
13430,Governor Rockefeller says five per cent.,Yes
16338,"Look, we need the highest possible ethical standards.",No
4138,I'm not going to set the White House visitors schedule before I'm president of the United States.,No
24643,"But let me just say to all of America: if you hate people, I don't want your vote.",No
12041,There was a recent investigation of the number in Texas who got -- who were given concealed weapons permits in spite of the fact that they had records.,Yes
11515,"But it won't be on my timetable, it will be on the timetable that people are comfortable with in the Middle East.",No
32743,How -- why would these people stay there?,No
17275,My wife is the daughter of a Presbyterian minister.,No
22991,"The Patriot Act is vital, by the way.",No
22085,Social Security is in surplus $70 billion.,Yes
11888,"And if they are, fine.",No
7757,"Now when they talk about our record here, it is well that they recognize that they have to stand up for their record as well.",No
19103,Now let's expand it so more people can succeed as parents and in the work force.,No
26036,Senator Dole said 30 years ago he was one of 12 people who voted against Medicare and he was proud of it.,Yes
23069,You know what he did?,No
16244,"How can Barry Goldwater sitting in Arizona know whether I'm talking on the issues or not when we put out position paper after position paper, he puts out position paper after position paper; and we see this much about it, because everyone else is fascinated with polls and who's up or down today and who's going to be up or down tomorrow.",No
8234,It runs a minimum of thirteen and two-tenths billions dollars a year more than we are presently spending to a maximum of eighteen billion dollars a year more than we're presently spending.,Yes
3600,I think those are pretty important priorities.,No
25446,"And we will be better off, far better off, if we stop right now, because we have more to lose in space then they do.",No
29661,"But on occasion, four times, we used certain laws that are there.",Yes
12059,It's really a matter of culture.,No
21544,This is what a president has to do.,No
31943,So this is who Donald Trump is.,No
18030,"And if we lose our will, we lose.",No
11475,But in the last 24 hours there has been some subsiding of the violence there.,Yes
29806,"Mental health is one of the biggest concerns, because now police are having to handle a lot of really difficult mental health problems on the street.",No
23604,"These are constitutional rights, and I want to make sure we have judges who interpret the Constitution of the United States according to the law.",No
9274,What was his participation there?,No
3098,"So we did have at that time with good management, the ability to do both.",No
21850,That means keep government out of it.,No
27948,"You've now heard three debates, months of campaigning and way too many TV commercials.",No
33491,I am not quoting myself.,No
20527,"And if I heard the statement day before yesterday, you said you would order -- he said he would order his FDA appointee to review the decision.",Yes
13431,The Democratic platform and others say five per cent.,Yes
19838,What I'm against is Senator Dole's plan to take money away from all the children we now help with limited Federal funds and help far fewer.,Yes
16544,"And I believe that by eliminating ten million taxpayers in the last uh eight years, and by putting a heavier tax burden on those in the higher tax brackets, plus the other actions that've been taken uh - we can give taxpayers adequate tax relief.",Yes
21672,"If you ask me if I could fly a fighter plane or be an astronaut, I can't.",No
3569,"So my attitude is, we've got to grow the economy from the bottom up.",No
21787,Let me do first on a personal level.,No
3971,And we're going to have to help the Pakistanis go into these areas and obtain the allegiance of the people.,No
30283,China should solve that problem for us.,No
7501,And I believe that we can together do things that are within the grasp of Americans.,No
30321,Would he have bombed Iran?,No
34276,I'm well aware of the really legitimate concerns that you have expressed from both the president and the general.,No
7206,"But more importantly, we've reformed the system to make sure that we solve problems early, before they're too late.",No
19142,"All of these are programs that Senator Dole opposed that I supported, because I felt they were a legitimate effort to help people make the most of their own lives.",Yes
7972,"In the Truman Administration, six hundred million people went behind the Iron Curtain including the satellite countries of Eastern Europe and Communist China.",Yes
31935,But I think it's clear to anyone who heard it that it represents exactly who he is.,No
6313,And this is an example of where we are going to have to prioritize.,No
20862,"We've got to recruit 100,000 new teachers.",No
5651,"That's a hatchet, and then I would get out a scalpel, OK?",No
11397,What's in the best interests of our people?,No
18914,This is the scale of what President Kennedy set out to do with the nuclear test ban treaty.,No
27984,"I'm going to make sure that we get people off of food stamps, not by cutting the program, but by getting them good jobs.",No
34055,The FBI conducted a year-long investigation into my e-mails.,Yes
5646,"It's wind, tide, solar, natural gas, nuclear, off-shore drilling, which Senator Obama has opposed.",Yes
18707,My opponent talks about me not signing certain treaties.,No
28701,"I'll remind mothers and dads the best weapon is the off/on button, and paying attention to your children, and eating dinner with them and being -- I'm sorry.",No
5548,Let me tell you what I'm actually going to do.,No
10538,There were some of us -- there were some of us that stood up against it.,Yes
33628,"We're protecting people, they have to pay up.",No
2253,Let's get back to Medicare.,No
1553,I've been proud to be president of the United States during these very troubled times.,No
14565,I will not raise taxes on the middle class to pay for these programs.,No
26613,In 1983 we thought we had a 75 -year fix.,Yes
5848,"You know, here's what I would say.",No
29508,I don't mind releasing -- I'm under a routine audit.,No
9185,"We do those things, not only is your future going to be bright but America's future is going to bright as well.",No
27701,"No, they haven't had talks in two years.",No
93,It was the Reagan-Bush administration that brought this man to justice.,Yes
33048,"And all you have to do is go to a great place like West Virginia or places like Ohio, which is phenomenal, or places like Pennsylvania and you see what they're doing to the people, miners and others in the energy business.",No
25524,What explains this administration cozying up to the Argentine dictators after they took over?,No
4317,We have to work more closely with our allies.,No
12482,"I don't believe, like the vice president does, in huge government.",No
16102,And I want to keep it alive in child care and in other entitlements.,No
7196,And yet the president who talks about No Child Left Behind refused to fully fund -- by $28 billion -- that particular program so you can make a difference in the lives of those young people.,Yes
19156,"If you made 25,000 as the original proposal, you got your Social Security taxes increased.",Yes
19249,"It's his trustees, the President's trustees, not mine, who says it's going to go broke.",No
15753,"And we have serious problems with our conventional forces at the present time, and they'll get worse unless we have a president who is willing to make some of these decisions.",No
18061,"And so, today, we are 90 percent of the casualties and 90 percent of the cost: $200 billion -- $200 billion that could have been used for health care, for schools, for construction, for prescription drugs for seniors, and it's in Iraq.",Yes
19587,We have to be able to make a difference.,No
30402,"He loves beauty contests, supporting them and hanging around them.",No
17786,"Now, Social Security, let's lay it to rest once and for all.",No
11772,"It's an enormous problem and corruption in official agencies, like militaries and police departments around the world, customs officials, that's one of the worst forms of it.",No
10509,We've got to help the middle class.,No
27284,"But I tell you, if you talk to teachers, they will tell you it does make a difference.",No
13154,The Soviet Union may not agree to an inspection system.,No
23915,"And they all say, ""Well, it was a long time ago.""",No
1894,We created 23 million new jobs.,Yes
32355,I was against -- I was against the war in Iraq.,Yes
20589,"Now, we have to take measured steps because the sentiment within Serbia is, for understandable reasons, against the United States because their nationalism -- even if they don't like Milosevic, they still have some feelings lingering from the NATO action there.",No
22,"And, of course, as far as the how we make it better, yes, we can do better on interdiction.",No
32023,"And all you have to do is take a look at WikiLeaks and just see what they say about Bernie Sanders and see what Deborah Wasserman Schultz had in mind, because Bernie Sanders, between super-delegates and Deborah Wasserman Schultz, he never had a chance.",No
32629,But I want to emphasize that what is at stake here is the ambitions and the aggressiveness of Russia.,No
6400,In policies that will lift wages and will grow our middle class.,No
1997,I have my own plan.,No
3593,I want to cut spending.,No
9499,And that's exactly the kind of top-down economics that is not going to work if we want a strong middle class and an economy that's striving for everybody.,No
10912,"We can bridge the gap between imported oil, which is a national security issue, as well as any other, and it will reduce the price of a barrel of oil, because when people know there's a greater supply, then the cost of that will go down.",No
15225,We will drill more oil and gas wells this year than any year in history.,No
8067,Now that means the best leadership.,No
23379,"They pulled out of the global warming, declared it dead, didn't even accept the science.",No
16381,"And we ask you for our hand for your hands and your hearts, and your votes on the 8th of November so we can move forward in the future.",No
8523,I think it's a matter that we should continue to uh - give uh - great care and attention to.,No
20558,I just told you the criteria on which I'll appoint judges.,No
9149,So more debt and less jobs.,No
7945,We're not able to consume what we're able to produce at a time when the Soviet Union is making great economic gains.,Yes
28978,And then I brought folks together to get it done.,No
3311,"But then after the immediate action is taken, I believe the president has an obligation to tell the American people the truth and not wait eighteen months later for the report to be issued.",No
1422,But do you realize that over the last ten years that's a higher figure than the average growth during that ten-year period?,Yes
1680,"I'm sure this was the most romantic place you could imagine, here -- here with me.",No
13272,I never suggested espionage should stop.,No
2977,He's also shown a weakness in yielding to pressure.,No
14415,"Let's take Mr. Bush for the moment at his word -- he's right, we don't have any evidence at least that our government did tell Saddam Hussein he could have that part of Kuwait.",Yes
27773,"We like free enterprise, but you got to play by the rules.",No
29369,You are going to approve one of the biggest tax cuts in history.,Yes
5724,I support charter schools and pay for performance for teachers.,Yes
18819,I agree with my opponent that we shouldn't be committing troops.,No
19607,"And it seemed to me if you want to send a signal, you've got to send a signal, Mr. President.",No
21480,And I do think that you can't turn the White House into the Waffle House.,No
12472,The warning signs are clear.,No
4029,"Jim, let me just make a point.",No
9708,Our party has been focused too long.,No
26070,Let me get out of your way here.,No
23869,And you can have the right kind of experience and the wrong kind of experience.,No
20561,A governor gets to name supreme court judges.,No
27602,"And for the next decade, she was haunted by that conversation.",No
26073,I started working on welfare reform in 1980 because I was sick of seeing people trapped in a system that was increasingly isolating them and making their kids more vulnerable to get in trouble.,Yes
17748,"I think in education, when he lectured the country about the importance of discipline, I didn't like it at first, but I think it helped a little bit.",No
29206,I want you to be very happy.,No
9064,"We can meet our destiny - and that destiny to build a land here that will be, for all mankind, a shining city on a hill.",No
4151,"By the way, North Korea, most repressive and brutal regime probably on Earth.",No
17626,"And, no, I never proposed any $20 billion should come out of Medicare; I have proposed that the program we must treat with that particular problem.",Yes
7095,1 percent of Americans is the highest it's been since 1928.,Yes
28061,"And this particular bill, it allows patients to choose a doctor, their own doctor if they want to.",Yes
20779,He would rather spend the family's $1800 and I would rather the Strunks spend their own money.,No
17173,And it's also unfair to dump these tremendous bills on our children.,No
29802,"But when it comes to policing, since it can have literally fatal consequences, I have said, in my first budget, we would put money into that budget to help us deal with implicit bias by retraining a lot of our police officers.",Yes
12830,"By adequate preparation I mean that at that level we must prepare an agenda, an agenda agreed upon with the approval of the heads of state involved.",No
6516,"Bob, we relied upon a company out of England to provide about half of the flu vaccines for the United States citizen, and it turned out that the vaccine they were producing was contaminated.",Yes
19098,We cut the deficit by 60 percent.,Yes
15965,And that is just absolutely unfair to the vast majority of Americans who pay their taxes and pay them on time.,No
1974,"Now, we all know that we've got to do more.",No
8294,"Well, because I think that if the federal government moved out of the program and withdrew its supports uh - then I think you would have complete uh - economic chaos.",No
2856,We wanted to preserve human dignity in southern Africa.,No
24365,And over the long run they will be more reliable partners.,No
7812,We must stand for our ideals.,No
30226,That would not start a war.,No
26239,"A little experience, a little age, a little intelligence.",No
8701,"Recycle those proceeds, then, back into the pockets of the American workers by reducing their tax payments.",No
32877,And he is supporting me 100 percent.,Yes
1932,"And the amount of debt we're adding, at a trillion a year, is simply not moral.",Yes
26425,"We're No.1 in automobile manufacturing production and sales around the world again, the first time since 1970s.",Yes
3744,I think we ought to seriously consider with the exceptions of caring for our veterans national defense and several other vital issues.,No
19776,"But I believe America is the greatest country in human history because we have maintained freedom and increasing prosperity by relentlessly pushing the barriers of knowledge, the barriers of the present, always moving into the future.",No
33269,I do not think the United States government should be stepping in and making those most personal of decisions.,No
21391,"And if the Congress won't do it, if they can't get together and negotiate how to do that, then you'd have a sequester across the board.",No
6060,We're going to make sure that insurance companies can't discriminate on the basis of pre-existing conditions.,No
33703,China is growing at 7 percent.,Yes
27595,"When it comes to going after Osama bin Laden, you said, well, any president would make that call.",Yes
28230,I strongly believe that one of the best things to encourage parental involvement also is to know that the classrooms will be safe and secure.,No
24515,"Typical cost to you and me is $125,000.",Yes
27411,And that is not reflected in the kind of budget that you're putting forward because it just doesn't work.,No
15720,"We have to have modernization, especially if we achieve the 50 percent reduction in strategic weapons that our President is taking the leadership to attain.",Yes
60,I agree with Mr. Bush that values are important.,No
9030,"I I think that, technically, I know this is a difficult and an emotional problem, and many people sincerely feel on both sides of this, but I do believe that maybe we could find the answer through medical evidence, if we would determine once and for all, is an unborn child a human being?",No
25539,"Human rights are not advanced when, at the same time, you then stand back and say, ""Whoops, we didn't know the gun was loaded,'' and you have another totalitarian power on your hands.",No
18733,It's not going to work if we open up a dialogue with Kim Jong Il.,No
28754,We need campaign finance reform and we need to shoot straight with young and old alike and tell them what the real choices are.,No
25554,"But Mr. Mondale seems to approve MAD -- MAD is mutual assured destruction -- meaning, if you use nuclear weapons on us, the only thing we have to keep you from doing it is that we'll kill as many people of yours as you'll kill of ours.",Yes
26117,"I think the most important thing to emphasize, though, is that we also have to help people in other ways to build a strong economy and we can't have any tax cut that's not paid for.",No
29,Everybody ought to be in this thing.,No
24516,"Again and again and again, the mother disappears in 3 days, and the child becomes a ward of the state because he's permanently and genetically damaged.",No
11571,He is an indicted war criminal.,Yes
31946,"These are very important values to me, because this is the America that I know and love.",No
19114,"Thank the people of Hartford, the Commission, and all those out here who may be listening or watching.",No
7708,I believe the president of the United States should indicate it.,No
22735,We're going to make elections.,No
30291,"And when asked to Secretary Kerry, why didn't you do that?",No
22895,"So to answer your question is, we're withdrawing, not from the world, we're withdrawing manpower so they can be stationed here in America, so there's less rotation, so life is easier on their families and therefore more likely to be -- we'll be more likely to be able to keep people in the all-volunteer army.",No
12976,I don't believe that there is anything this country cannot do.,No
6271,"Right now, I meet young people all across the country who either have decided not to go to college or if they're going to college, they are taking on $20,000, $30,000, $50,000, $60,000 worth of debt, and it's very difficult for them to go into some fields, like basic research in science, for example, thinking to themselves that they're going to have a mortgage before they even buy a house.",Yes
7204,"And secondly, only a liberal senator from Massachusetts would say that a 49 percent increase in funding for education was not enough.",Yes
20877,"They can't squeeze another desk in for her, so she has to stand during class.",No
20165,But I've had my anxious moments in my life.,No
3892,And that same strategy will be employed in Afghanistan by this great general.,No
7460,And she's out campaigning along with our girls.,No
18327,That's not a way to invite people.,No
8057,"The people, some way, have always understood that at a particular time a certain man was the one the country needed.",No
9306,We're encouraging it and working with the industry.,No
17698,They want these young people to have a chance to get jobs and the rest.,No
12760,Let's look at the vote on Hungary.,No
20748,The man is practicing fuzzy math again.,No
7887,I have participated in the discussions leading to the decisions in this Administration.,No
2624,And people who are going through them know that there's a job waiting for them if they complete it.,No
4372,They now hold a trillion dollars' worth of our debt.,Yes
399,"And simply to say, well, the McKinney bill will do it just doesn't do.",No
9307,"And when I hear Governor Romney say he's a big coal guy, I mean, keep in mind, when -- Governor, when you were governor of Massachusetts, you stood in front of a coal plant and pointed at it and said, ""This plant kills,"" and took great pride in shutting it down.",No
19493,"I mean, it seemed to me at the time the assault weapon ban was not effective.",No
18885,We needed to go to the U.N.,No
27297,We have every two years tests that look at how well our kids are doing.,No
20091,He's president so I guess it's a little better deal.,No
33783,But I think it's really an important issue.,No
5789,"And there is nothing wrong with us having a vigorous debate like we're having tonight about health care, about energy policy, about tax policy.",No
3809,It would have been increase in sectarian violence.,No
13395,Because America must be able to grow enough not only to take care of our needs at home for better education and housing and health - all these things we want.,No
16663,We feel that uh - in education we can have a slight increase - not a major increase.,No
22297,"My school choice program, GI Bill for Kids, does not take public money and give it to private schools.",No
19375,"You know, mine doesn't work that way.",No
12621,Is India going to win the economic struggle or is China going to win it?,No
6604,"I propose a detailed budget, Bob.",No
31847,"Obviously, I'm hoping to earn your vote, I'm hoping to be elected in November, and I can promise you, I will work with every American.",No
6913,We give you broader competition.,No
19030,"I believe America's best days are ahead of us because I believe that the future belongs to freedom, not to fear.",No
14146,They have not been forthcoming.,No
34130,They want to look good.,No
16607,We have uh - just advocated uh - this past week a consolidation of the responsibilities for energy.,Yes
18759,"Now, that, I think, is one of the most serious, sort of, reversals or mixed messages that you could possibly send.",No
26026,It will probably have to be done by a commission.,No
21463,But character is an important part of the equation.,No
3789,"I have opposed the president on spending, on climate change, on torture of prisoner, on - on Guantanamo Bay.",Yes
17370,I've said it's going to take some work.,No
13421,But anybody who suggests that that program would c- come to any figure indicated by the Vice President is in error.,No
25831,We still need to cover about 20million people and a lot of children.,Yes
1286,"The individual who wants to start a business or expand his business as a black businessman is able to borrow, either directly or with guaranteed loans.",Yes
17757,It was once called voodoo economics.,No
15364,I happen to believe that the Federal Government has usurped powers of autonomy and authority that belong back at the state and local level.,No
8043,We should not uh - force our Nationalist allies to get off of them and give them to the Communists.,No
16822,"Over 50 percent - 53 to be exact - percent of the tax benefits go to the 14 percent richest people in this country, and we've had a 50 percent increase in payroll deductions since Mr. Nixon went in office eight years ago.",Yes
10112,#NAME?,No
26539,It not only happened in California.,Yes
33614,We're going to do a lot of things for college tuition.,No
447,And so we have a fundamental difference on this one.,No
20617,"Well obviously we wouldn't use the Russians if they didn't agree with our answer, Mr. Vice President.",No
24085,We've got to collect the taxes to do it.,No
5995,I believe in free trade.,No
11600,"Of course, and that again -- no, I think that that was ill-considered.",No
28839,"If affirmative action means quotas, I'm against it.",No
10297,They hack into our computers.,Yes
28954,"And I will invest in education, health care, protecting the environment and retirement security.",No
32679,"Well, what Russia did with Assad and, by the way, with Iran, who you made very powerful with the dumbest deal perhaps I've ever seen in the history of deal-making, the Iran deal, with the $150 billion, with the $1.7 billion in cash, which is enough to fill up this room.",Yes
6740,It has also the benefit of allowing citizens to participate in the process.,No
26460,"No attack ever created a job or educated a child, or helped a family make ends meet.",No
8213,A record is never something to stand on.,No
21227,I also want to go to Washington to get some positive things done.,No
9195,"But if you calculated that unemployment rate, taking back the people who dropped out of the workforce, it would be 10.7 percent.",Yes
21916,But I have lived the American dream.,No
18692,"And DeGaulle waved them off and said, ""No, no, no, no.",No
20642,He believes in nation building.,No
7104,The second thing we need is to crack down on illegal hiring.,No
24446,"A good family is a place where love and discipline and good values are transmuted (sic) from the elders to the children, a place where people turn for refuge, and where they know they're the most important people in the world.",No
27547,"Mr. President, America has not dictated to other nations.",No
27850,...and -- and that's why I have the kind of commitment to ensure that our industries in this country can compete and be successful.,No
50,"I'm saying that those of us who are elected to positions of political leadership, Jim, have a special responsibility, not only to come up with programs, and I have outlined in detail the very important, very strong program of enforcement as well as drug education prevention.",No
32370,And they don't want them.,No
8949,We cut the rate of increase in spending in half.,Yes
29606,I could do that very quickly.,No
2715,And I want to thank the University of Denver.,No
26190,They did after he left.,Yes
10824,"I'm not too popular sometimes with my own party, much less his.",No
17725,Your own Council of Economic Advisers -- Mr. Feldstein in his report told you that.,Yes
2212,"Number two is for people coming along that are young, what I do to make sure that we can keep Medicare in place for them is to allow them either to choose the current Medicare program or a private plan.",No
33990,"And we were talking about immigrants a few minutes ago, Chris.",No
22264,"Now, that has nothing to do with learning.",No
14276,"And in this case I'm glad we did, because if we had let sanctions work and tried to build a consensus on that, Saddam Hussein today would be in Saudi Arabia controlling the world's oil supply, and he would be there maybe with a nuclear weapon.",No
24729,I thought the Oregon plan should at least have been allowed to be tried because at least the people in Oregon were trying to do something.,No
6480,"As a result of securing ourselves and ridding the Taliban out of Afghanistan, the Afghan people had elections this weekend.",No
24709,"I'm the president that stood up and said, don't mess with Social Security, and I'm not going to and we haven't and we are not going to go after the Social Security recipient.",Yes
16954,They have done a good job in integrating the money supply with the uh - fiscal policy of the uh - executive and legislative branches of the government.,No
20769,"The facts are after my plan, the wealthiest of Americans pay more taxes of the percentage of the whole than they do today.",Yes
15465,And I know that we did give back authority and autonomy to the people.,No
24094,"People are working harder for less money than they were making 10 years ago, 2- 3rds of our people--a $1600 drop in average income in just the last 2 years.",Yes
23919,The Commander-in-Chief was organizing demonstrations halfway around the world during another era.,No
10595,"Well, look, I understand your frustration and your cynicism, because while you've been carrying out your responsibilities -- most of the people here, you've got a family budget.",No
152,He has to operate in Massachusetts under a balanced budget proviso.,No
25637,They will know whether we used those weapons or not.,No
23870,"Mine is rooted in the real lives of real people, and it will bring real results if we have the courage to change.",No
29586,That was more than a mistake.,No
22043,"You know, and everybody's ducking it so I'm gonna say it, that we are not letting that surplus stay in the bank.",No
26909,"But instead, we've seen in nation after nation, a number of disturbing events.",No
25500,"The Shah, whatever he might have done, was building low-cost housing, had taken land away from the Mullahs and was distributing it to the peasants so they could be landowners -- things of that kind.",Yes
11944,"I've been a person that had been called a uniter, not a divider, because I accept other people's points of view.",No
33685,I've never seen people as physically distraught as the Bush administration team was because of what was happening to the economy.,No
32595,"After 9/11, I went to work with Republican mayor, governor and president to rebuild New York and to get health care for our first responders who were suffering because they had run toward danger and gotten sickened by it.",No
12696,"We're quarantining him diplomatically by bringing back our Ambassador; economically by cutting off trade, and Senator Kennedy's suggestion that the trade that we cut off is not significant is just one hundred percent wrong.",Yes
7695,Everyone who does business with the government should have the opportunity to make sure that they do not practice discrimination in their hiring.,No
17350,They don't want this arms race.,No
2083,"Jim, let's -- we've gone on a lot of topics there, and so it's going to take a minute to go from Medicaid to schools...",No
13834,Our government is that point now.,No
23893,I've got a lot of experience in not taking 10 years to solve a 10-minute problem.,No
27674,We -- we had to go into Pakistan.,No
30313,And so I know that this campaign has caused some questioning and worries on the part of many leaders across the globe.,No
17879,"I think there's an optimism in the land and a patriotism, and I think that we're in a position once again to heed the words of Thomas Paine, who said: ""We have it in our power to begin the world over again.''",No
2946,"I've negotiated at Vladivostok with uh - Mr. Brezhnev a limitation on the MIRVing of their ballistic missiles at a figure of thirteen-twenty, which is the first time that any president has achieved a cap either on launchers or on MIRVs.",Yes
32727,Why can't they do it quietly?,No
27260,And then we're going to have to get to a balanced budget.,No
851,I think we can agree on that in the course of this campaign.,No
12032,"like a driver's license for new handguns and, you know, the Los Angeles --",No
17466,"So, I would think that this would be the point of enforcement on this.",No
5638,"And, by the way, this was a proposal made by Senator Clinton not too long ago.",Yes
899,"I mean, there's-I don't think this is a fair argument.",No
2483,"In order to bring the cost of health care down, we don't need to have a board of 15 people telling us what kinds of treatments we should have.",No
18496,"You know, I think about Missy Johnson.",No
17580,"Now, I believe that our problem has not been that anybody in our country is undertaxed; it's that government is overfed.",No
18655,"That's the enemy that is now in 60 countries, with stronger recruits.",Yes
6018,"And I need -- we need to have education and training programs for displaced workers that work, going to our community colleges.",No
19318,That's what I've tried to do and that's what I will continue to do as president.,No
21233,I want to make sure prescription drugs are available for all seniors.,No
19461,"I've been working on this for a long, long time.",No
12808,But I'm most concerned about the whole problem of the spread of atomic weapons.,No
21955,"I don't think it's fair to say, you know, whatever it is, that if you haven't been hit by it personally.",No
27211,We -- we make decisions today in the military that -- that will confront challenges we can't imagine.,No
30070,"But they wouldn't have even been formed if they left some troops behind, like 10,000 or maybe something more than that.",No
7936,I'm talking about our willingness to bear any burdens in order to maintain our own freedom and in order to meet our freedom around the globe.,No
30262,We're a country that owes $20 trillion.,Yes
18480,There was a right way to disarm him and a wrong way.,No
8851,I don't know of a city in America that doesn't have the kind of problems you're talking about.,No
21915,"And believe me, if you knew my family and if you knew the private life I have, you would agree in a minute that that's a whole lot more fun than getting involved in politics.",No
32475,And she never will change.,No
1455,"With all due respect to President Ford, I think he ought to be ashamed of mentioning that statement, because we have the highest unemployment rate now than we had at any time between the Great Depression caused by Herbert Hoover and the time President Ford took office.",Yes
1442,"In other words, there is a growing public confidence in the strength of this economy.",Yes
24995,And now we are putting up a defense of our own.,Yes
21634,And we would target it especially in areas that have been either depressed or which have lost a lot of defense related jobs.,No
3823,"We have lost over 4,000 lives.",Yes
28742,And I know they say it doesn't rank anywhere on the polls.,No
24196,"By the time Congress comes into session to go to work, have those plans ready to go in front of Congress.",No
30363,I said she doesn't have the stamina.,Yes
26534,But I think what we want to avoid is falling back into this nationalized health care system that President Clinton wanted to give us in 1993.,Yes
5801,And any objective observer has said it's not true.,No
22128,"Well, it's cost-effective to help Russia succeed in its revolution; it's pennies on the dollar compared to going back to the Cold War.",Yes
4014,"And I have a record -- and Somalia, I opposed that we should turn -- turn the force in Somalia from a peacekeeping force into a peacemaking force, which they were not capable of.",Yes
29938,"There was absolutely no evidence for it, but he persisted, he persisted year after year, because some of his supporters, people that he was trying to bring into his fold, apparently believed it or wanted to believe it.",Yes
2697,That's how we cut a trillion dollars of spending that wasn't advancing that cause.,Yes
9337,You had a whole bunch of oil companies who had leases on public lands that they weren't using.,Yes
29576,"Well, he owes you the answers to that, and he should provide them.",No
1327,I think if you really believe that the people of a state ought to make a decision on a matter of this kind that uh - we ought to have a federal constitutional amendment that would permit each one of the fifty states to make the choice.,No
21479,But the big argument I have with the governor on this is this taking different positions on different issues -- trying to be one thing to one person here that's opposing the NAFTA agreement and then for it -- what we call waffling.,No
15747,And one of the things that the Vice President either ignores or won't address is the fact that you can't divorce our military security from our economic security.,No
11927,"But let me say to you, Mr. Vice President, we're happy with our laws on our books.",No
1663,"Over the last 30 months, we've seen 5 million jobs in the private sector created.",Yes
22073,I think I remember the question.,No
27372,I was on the world of business for 25 years.,No
28082,"They like it because it doesn't accomplish what I think really needs to be accomplished to give the decisions back to the doctors and nurses and give you a right of appeal to somebody other than the HMO or insurance company, let you go to the nearest emergency room without having to call an HMO before you call 911, to let you see a specialist if you need to, and it has strong bipartisan support.",Yes
24625,We've got to continue everything we can at the federal and the local level.,No
16671,"As the economy improves, and it is improving, our gross national product this year will average about 6 percent increase over last year.",Yes
24023,"Now, when anybody has a spending program they want to spend money on at home, they say, well, let's cut money out of the Defense Dept.",No
25240,It is a question of leadership.,No
11399,Is it in our nation's interests?,No
24966,"But I hope that from here on you will no longer be saying that particular thing, which is absolutely false.",No
17184,"It's the toughest job on Earth, and you must master the facts and insist that things that must be done are done.",No
26610,Your your Social Security is going to be there when you retire.,No
1539,But I am asking for your help and assistance to be president for the next four years.,No
21242,I want to make sure the education system fulfills its hope and promise.,No
8202,We often hear gross national product discussed and in that respect may I say that when we compare the growth in this Administration with that of the previous Administration that then there was a total growth of eleven percent over seven years; in this Administration there has been a total growth of nineteen per cent over seven years.,Yes
22259,Everybody told me they were cost-effective.,No
9521,Cracking down on China when they cheat.,No
5994,Now I just want to make one last point because Senator McCain mentioned NAFTA and the issue of trade and that actually bears on this issue.,Yes
18026,That's why they're fighting so vociferously.,No
6397,And that's why I'm sure that our brighter days are still ahead.,No
17380,"We'll continue to try to get things that we didn't get in a program that has already brought the rate of spending of government down from 17 percent to 6.1 percent, a program of returning authority and autonomy to the local and State governments that has been unjustly seized by the Federal Government.",Yes
12315,China and India were exempted from that treaty.,Yes
21911,Who do you want to start with?,No
19459,We ought to keep guns out of the hands of criminals.,No
12412,"But I will promise you this with all the confidence in my heart and in the world, that I will do my best if I'm elected president, I'll work my heart out to get the big things right for the American people.",No
8746,"We're going to have to develop better community transportation systems, so that with buses and light rail, we can replace the private automobile in those places where it clearly is not energy-efficient.",No
23367,"I led the fight to put 100,000 cops on the streets of America.",Yes
10971,Of course it's OK to go across state lines because in Arizona they may offer a better plan that suits you best than it does here in Tennessee.,No
10021,So nobody is more concerned about their safety and security than I am.,No
18568,"And you have to do that by beginning to not back off of the Fallujahs and other places, and send the wrong message to the terrorists.",No
19936,I'm not even certain you were too excited about that.,No
33471,"And I'll tell you what: We're in very serious trouble, because we have a country with tremendous numbers of nuclear warheads -- 1,800, by the way -- where they expanded and we didn't, 1,800 nuclear warheads.",Yes
8224,"We are for programs, in addition, which will see that our medical care for the aged are - is - are much - is much better handled than it is at the present time.",No
23279,"I mean, you've got to stand up and fight somewhere, folks.",No
27575,"Look, I look at what's happening around the world, and i see Iran four years closer to a bomb.",No
34269,Thanks a lot for doing a great job.,No
20027,"And that is what every president has done, as far as I know, in the past but what every other president's has done.",No
26928,"In addition, we're now able to transition out of Afghanistan in a responsible way, making sure that Afghans take responsibility for their own security.",No
29663,"Now, if you want to change the laws, you've been there a long time, change the laws.",No
14739,"I need your support, I ask for your vote.",No
33702,They're growing at 8 percent.,Yes
24425,I think if we learned anything in Vietnam is you first commit this nation before you commit the troops to the battlefield.,No
13266,"Well number one on Indochina, Mr. Nixon talked in - before the newspaper editors in the spring of 1954 about putting, and I quote him, ""American boys into Indochina.""",Yes
9044,We spoke a multitude of tongues.,No
25413,Every system that is verifiable should be placed on the table for negotiations for an agreement.,No
15562,And that is what I call a flexible freeze that allows growth about 4 percent or the rate of inflation but does not permit the Congress just to add on spending.,No
25012,"We're working right now in trying to be of help in southern Africa with regard to the independence of Namibia and the removal of the Cuban surrogates, the thousands of them, from Angola.",Yes
2685,And we face -- this deficit could crush the future generations.,No
19916,There won't be 10 millionaires and 14 lawyers in the cabinet.,No
25878,We had 25 fighter wings.,Yes
8916,"Instead we had, I think, in the second quarter, a Consumer Price Index registering around 12%.",Yes
11701,I think one of the lessons in between World War I and World War II is we let our military atrophy.,No
16118,"Now, we're not a parliamentary body, the National Governors Association.",No
28491,The United States has to be strong in order to make sure that we can help promote peace and security and stability.,No
12179,But it's not a statement about his heart.,No
9942,"And if they -- if they find that -- that they can't get the benefits here that they want and they can't -- and they can't find the job they want, then they'll make a decision to go a place where -- where they have better opportunities.",No
3341,"One of the uh - most embarrassing uh - failures of the Ford administration, and one that touches specifically on human rights, is his refusal to appoint a presidential commission to go to Vietnam, to go to Laos, to go to Cambodia and try to trade for the release of information about those who are missing in action in those wars.",Yes
15224,"This commitment has been opening up a very bright vista for our nation in the future, because with the windfall profits tax as a base, we now have an opportunity to use American technology and American ability and American natural resources to expand rapidly the production of synthetic fuels, yes; to expand rapidly the production of solar energy, yes; and also to produce the traditional kinds of American energy.",No
32340,How do you do that?,No
19211,"How can we help people as we are to get their retirements when they work for small businesses, to be able to afford health insurance, to be able to educate their children.",No
31900,"But it's locker room talk, and it's one of those things.",No
3458,This package has transparency in it.,No
17226,[Laughter] The fact of it is: The President's budget sought to cut Social Security by 25 percent.,Yes
30039,"He is so good with these computers, it's unbelievable.",No
26319,We're going to tax -- cut taxes and balance the budget.,No
14936,I see my time is running out here.,No
29120,We're going to have a debate where we are talking about the important issues facing our country.,No
24179,"Step one, the American people send me up there, the day after election, I'll get with congressional--we won't even wait till inauguration, and I'll ask the president to help me and I'll ask his staff to help me.",No
14176,"There was one good thing that came out of that budget agreement, and that is we put a cap on discretionary spending.",Yes
17680,"I don't mind those enterprise zones; let's try them, but not as a substitute for the others.",No
13864,"And we're still losing a lot of auto jobs, in my judgment, because we don't have a national economic strategy that will build the industrial base of this country.",No
11983,"Jim, I hope that we can come back to the subject of education because the governor made an extensive statement on it and I have a very different view than the one he expressed.",No
3899,We didn't have a difference on whether or not we were going to be funding troops.,Yes
32162,"Number two, no lifetime limits, which is a big deal if you have serious health problems.",No
13950,"My problem with Governor Clinton, once again, is that one time he's gonna make up his mind, he sees some merit in it, but then he sees a lot of things wrong with it.",No
10684,"Our goal should be, in 10 year's time, we are free of dependence on Middle Eastern oil.",No
20584,The people of Serbia have acted very bravely in kicking this guy out of office.,No
3007,But it was done three years ago and they're still putting pressure on us from the Arab countries to our discredit around the world.,Yes
12792,"If we fail then, if we're unable to come to an agreement - and I hope we can come to an agreement because it does not merely involve now the United States, Britain, France, and the Soviet Union as atomic powers.",No
20330,"You've had your chance, Vice President, you've been there for eight years and nothing has been done.",No
14189,I thought it would be better for the country than it was.,No
23782,The 9/11 Commission put out a report that said America is safer but not yet safe.,Yes
28309,"It requires testing of all new teachers, including in the subjects that they teach.",No
11125,"We drove the Russians out with -- the Afghan freedom fighters drove the Russians out of Afghanistan, and then we made a most serious mistake.",Yes
22816,A president sets the strategy and relies upon good military people to execute that strategy.,No
11860,"And as we become a diverse society, we're going to have to deal with it more and more.",No
12478,"It's an important priority, because now is the time to act and we're going to say to our seniors, our promises we've made to you will be promises kept.",No
29147,But we have to stop our jobs from being stolen from us.,No
1578,"As a matter of fact, the year before I went out of office we gave a $50 million refund to the property taxpayers of Georgia.",Yes
24498,"Many of the countries below that used to say, well, this is the US' problem -- if you'd get the demand down, then we wouldn't have the problem -- are working cooperatively with the DEA and the military.",Yes
23537,I think it is respecting life to do it in an ethical way.,No
5741,But it's very clear that I have disagreed with the Bush administration.,No
12282,We differ on whether or not pollution controls ought to be voluntary.,No
3578,"He didn't happen to see that light during the first three years as a member of the United States Senate, $932 million in requests.",No
27808,That's the kind of leadership we've shown in the region.,Yes
24086,"If there's a fairer way, I'm all ears (laughter) --aah.",No
13157,"But I hope the next Administration - and if I have anything to do with it, the next Administration will - make one last great effort to provide for control of nuclear testing, control of nuclear weapons, if possible, control of outer space, free from weapons, and also to begin again the subject of general disarmament levels.",No
21782,"I favor strict controls on how much you can spend running for Congress, strict limits on political action committees, requirements that people running for Congress appear in open public debates like we're doing now.",No
26691,There is not a simple answer.,No
6693,"If you're married, we reduced the marriage penalty.",Yes
20789,Let me give you some specific examples.,No
22924,Let me just -- I've got to answer this.,No
4333,It is the -- the biggest threat to the United States is a terrorist getting their hands on nuclear weapons.,No
17777,"And they have to live and go to bed at night thinking, ""Is this true?",No
19928,The American people can make up their mind about whether that's a liberal record or a record that's good for America.,No
11523,"We don't know -- there are no inspectors now in Iraq, the coalition that was in place isn't as strong as it used to be.",Yes
16685,The best thing to do is to look at the record uh - of Mr. Ford's Administration and Mr. Nixon's before his.,No
30176,"And I understand that side, also, not very much, because we should have never been there.",No
27062,"And so everything we're doing, we're doing in consultation with our partners in the region, including Israel which obviously has a huge interest in seeing what happens in Syria; coordinating with Turkey and other countries in the region that have a great interest in this.",Yes
22591,"No, I can see why people think that he changes position quite often, because he does.",No
2696,That's how we cut taxes for middle- class families and small businesses.,No
233,I think we're both supportive of them and I would strongly lead in that area as I have in my state as Governor.,No
28948,"22 million new jobs, very low unemployment nationally.",Yes
33250,"Well, I strongly support Roe v. Wade, which guarantees a constitutional right to a woman to make the most intimate, most difficult, in many cases, decisions about her health care that one can imagine.",Yes
10283,"And as far as currency manipulation, the currency has actually gone up 11 percent since I've been president because we have pushed them hard.",Yes
2456,Let me make one last point.,No
12350,"I apologize, Mr. Vice President.",No
9605,It also means that we've got to make sure that young people like yourself are able to afford a college education.,No
10926,I can't tell you how many people I meet who don't have health insurance.,No
2441,"It -- when Governor Romney talks about this board, for example, unelected board that we've created, what this is, is a group of health care experts, doctors, et cetera, to figure out, how can we reduce the cost of care in the system overall?",No
32367,"Hillary Clinton, in terms of having people come into our country, we have many criminal illegal aliens.",Yes
23098,He wanted to give people rights.,No
1013,"Doesn't your policy really imply that we're going to have a fairly high rate of unemployment over a fairly long time, that growth is gonna be fairly slow, and that we're not gonna be able to do much - very much in the next four or five years to meet the basic agenda of our national needs in the cities, in health, uh in transit and a whole lot of things like that.",No
11525,We don't want him fishing in troubled waters in the Middle East.,No
9167,"Now, the most important thing we can do is to make sure that we are creating jobs in this country.",No
99,And so call off all those pickets out there that are trying to tear down seven different administrations.,No
1541,But those are not the things that count.,No
32357,And you voted for it.,Yes
1664,The auto industry has come roaring back.,No
19623,We have to be firm and strong.,No
13640,"This is going to take fair, shared sacrifice.",No
18246,"A free Iraq will be an ally in the war on terror, and that's essential.",No
17709,"And while they were coming down, the deficits had started their great increase.",No
12954,We had a recession in fifty-eight.,No
33417,We will not have open borders.,No
16616,"Also, we had a - a 2 percent increase in the number of employees the last year.",Yes
13636,And we are bleeding arterially.,No
28979,"And that's what we need, I think, in this election.",No
12119,"I would like to see eventually in this country some form of universal health care, but I'm not for a government-run system.",No
11146,"Just -- just -- just a quick follow-up, because I think -- I think this is important.",No
9928,"Number two, I asked the president a question I think Hispanics and immigrants all over the nation have asked.",No
7294,I'm also a former law enforcement officer.,No
5709,I can bring them in that direction by eliminating spending.,No
25869,"Let me say, if Senator Dole mentioned this, I just signed a bill that we got through Congress to increase the amount of pay increase we could give for military personnel and to make sure the pay increase this year was above the rate of inflation.",Yes
10452,And that means tax cuts for the middle-class.,No
26767,I think that answers itself.,No
75,And Mr. Bush is right - the two go hand in hand.,No
29823,"And when it comes to stop-and-frisk, you know, you're talking about takes guns away.",No
8223,"We are for programs that will expand educational opportunities, that will give to all Americans their equal chance for education, for all of the things which are necessary and dear to the hearts of our people.",No
10249,We have to be competitive if we're going to create more jobs here.,No
33457,People are going to pour into our country.,No
12266,We need gas pipelines to bring the gas down.,No
13837,So the General Motors experience is relevant.,No
24251,"There was a momentary fear that he might win and that the markets went phwee, down like that.",No
24001,"Right now we have a flat to deteriorating job base and where it appears to be growing, it's minimum-wage jobs.",Yes
32853,"And he listens to Donald on TV and he said to his mother one day, will he send me back to Ethiopia if he gets elected?",No
27657,It was higher when I came into office.,Yes
26708,"And when it comes to public ethics, he has a responsibility.",No
16664,It's my understanding that Governor Carter has indicated that uh - he approves of a $30 billion uh - expenditure by the federal government as far as education is concerned.,Yes
26724,"So I changed the Justice Department's effort to get a church to pay back a man tithe, because he was bankrupt when he gave it.",Yes
8828,I would propose to save the taxpayers of this country from that kind of costly boondoggle.,No
85,"I guess the question I would ask of Mr. Bush is how we instill those values, how we create this environment for the drug free schools that we want in this country.",No
14579,The person responsible for domestic economic policy in my administration will be Bill Clinton.,No
15339,"I think it is disgraceful that the Disability Insurance Fund in Social Security finds checks going every month to tens of thousands of people who are locked up in our institutions for crime or for mental illness, and they are receiving disability checks from Social Security every month while a state institution provides for all of their needs and their care.",Yes
30280,"At the same time, we have to be prepared.",No
28986,"But if you're a younger worker, if you're younger, you better hope this country thinks differently, otherwise you're gonna be faced with huge payroll taxes or reduced benefits.",No
27434,So their economy is in a shambles.,Yes
19876,I'm a product of a public school.,Yes
20363,The federal government should take no more than a third of anybody's check.,No
18588,He is the leader of that country.,No
16718,We can't afford to give up that opportunity until later.,No
25416,That's why we say mutual and verifiable freezes.,No
21807,"We spend 30% more of our income than any nation on earth on health care, and yet we insure fewer people.",Yes
16270,"And every defense expert I know, including people in the Pentagon itself, will tell you that given the level of defense spending and the level of defense appropriations which the Congress has now approved and the president has signed, there's no way that you can do all of these things and do them well.",No
8217,Senator Kennedy has suggested that he believes he knows the way.,No
33341,"They work hard, they do everything they can to give her a good life.",No
11560,"And one of the reasons I felt so strongly that the United States needed to participate was because of our relations with NATO, and NATO is going to be an important part of keeping the peace in the future.",No
2397,But it does say insurance companies can't jerk you around.,No
16245,"So I think we can all share, with respect, in the fact that maybe the message is not getting out.",No
12331,"In my faith tradition, it is -- it's written in the book of Matthew, ""Where your heart is, there is your treasure also.""",No
3556,I will make them famous.,No
21048,It will go to everybody who pays taxes.,No
15997,More so you than me.,No
6618,We talk about fiscal matters.,No
34362,It may be because of our experiences.,No
15253,We cannot cast aside these regulations.,No
7698,There is a very strong moral basis for this concept of equality of opportunity.,No
21177,"I think that -- well, I think that's part of the need for a cultural change.",No
21383,"And I think it would discipline not only the Congress, which needs it, but also the executive branch.",No
27924,You said by now we'd be at 5.4 percent unemployment.,Yes
3488,And that in part has to do with an economic philosophy that says that regulation is always bad.,No
32818,African- Americans now 45 percent poverty in the inner cities.,Yes
12526,And at the end of that seven years we were engaged in a war in Korea which cost of thirty thousand American lives.,Yes
10934,"We're going to work with your employer to lower the cost of your premiums by up to $2,500 a year.",No
28992,"It was a bipartisan approach, but it's been rejected.",Yes
21638,We can create millions of jobs in these new technologies- -more than we're going to lose in defense -- if we target it.,No
30167,"I then spoke to Sean Hannity, which everybody refuses to call Sean Hannity.",No
6481,And the first voter was a 19-year-old woman.,Yes
16850,"But uh - if - if you could just do away with the ones that are unfair, you could lower taxes for everyone.",No
7398,"There's one for the people who have, and there's one for the people who don't have.",No
2326,"Now, Governor Romney has said he wants to repeal Dodd-Frank.",Yes
11714,I think it's important for us to be training Columbians in that part of the world.,No
2634,It's how we're going to grow this economy over the long term.,No
24638,So I would think we can expedite the problem there.,No
8022,It is a decision finally that the Nationalists should make and I believe that we should consult with them and attempt to work out a plan by which the line is drawn at the island of Formosa.,No
14068,"We hammerlock the American companies -- American Airlines, Delta -- the last few great we have, because we're trying to do this deal with these 2 European companies.",Yes
20900,We need to expand education savings accounts.,No
2229,"This is an idea that's been around a long time, which is saying, hey, let's see if we can't get competition into the Medicare world so that people can get the choice of different plans at lower cost, better quality.",No
16849,I think that would be a - a very serious mistake.,No
16754,"I think you have to have greater oil and gas production, more coal production, more nuclear production, and in addition you have to have energy conservation.",No
9038,And there might be some feeling of unfairness about this because he was not here to respond.,No
14059,"We're getting ready to dismantle the airlines industry in our country, and none of you know it.",Yes
10051,"But I find more troubling than this, that on -- on the day following the assassination of the United States ambassador, the first time that's happened since 1979, when -- when we have four Americans killed there, when apparently we didn't know what happened, that the president, the day after that happened, flies to Las Vegas for a political fund-raiser, then the next day to Colorado for another event, other political event.",Yes
7677,Sixty to seventy percent of our colored children do not finish high school.,Yes
19797,"When it comes to bridges, I want a bridge to the future.",No
22860,I fully understand the threat.,No
4187,"Well, I think that, given what's happened over the last several weeks and months, our entire Russian approach has to be evaluated, because a resurgent and very aggressive Russia is a threat to the peace and stability of the region.",No
12432,"The -- I haven't seen that, in my commercials?",No
34441,"It's called ""Make America Great Again.""",No
27782,"We have enormous trade imbalance with China, and it's worse this year than last year, and it's worse last year than the year before.",Yes
17967,But we just have a different set of convictions about how you make America safe.,No
8438,"My objection here is the potential cost in controls and eventual freedom for the American people by giving the federal government power over education, and that is the greatest power a government can have.",No
12818,"I don't think we can wait until the next president is inaugurated and then uh - select a new team and then all the months of negotiating that will take place before we reach a decision, I think that immediately after this election we should set a timetable - the next president, working with the present President, President Eisenhower - a timetable to break the Soviet filibuster.",No
20000,"Well, just for the record, when I was governor we had the lowest -- second lowest tax burden of any state in the country, the highest job growth rate of any state when I ran for president and were widely recognized for a lot of other advances.",Yes
24187,"The second, you've got your big companies that are in trouble, including the defense industries--have another one on that.",No
18894,I did a lot of work on this.,No
14475,"Now, if you believe The Washington Post and you believe this extensive study that's been done -- and I'm reading it -- right after election day this year they're going to hit us with a hundred banks, it will be a $100-billion problem.",Yes
8575,That's the same percentage that it was twenty years ago.,Yes
7258,"In order to defend ourselves, we'd have to get international approval.",No
22205,"Seventy percent of my state's money goes to the public schools, and I was really honored when Time magazine said that our schools have shown more improvement than any other state in the country except one other -- they named 2 states showing real strides forward in the 80s.",Yes
32738,And we have General Flynn.,No
33199,"And what I was saying that you referenced, Chris, was that I disagreed with the way the court applied the Second Amendment in that case, because what the District of Columbia was trying to do was to protect toddlers from guns and so they wanted people with guns to safely store them.",Yes
32368,"When we want to send them back to their country, their country says we don't want them.",Yes
19370,It took three and a half years.,Yes
6035,"And now with the financial crisis, car dealerships are closing and people can't get car loans.",Yes
16241,"Because you are so interested in a poll that might have been coming out, or because somebody had said something nasty about somebody else.",No
27339,"We take program after program that we don't absolutely have to have, and we get rid of them.",No
1797,That's the analysis of economists who have looked at this.,Yes
13468,I oppose it for the reasons that I mentioned.,No
19188,Renee Proval (ph) is probably better off than he was four years ago.,No
21245,My intentions are to earn your vote and earn your confidence.,No
13768,"We've gotten the Americans for Disabilities Act, which I think is one of the foremost pieces of civil rights legislation.",No
23021,"And the way to defeat them long-term, by the way, is to spread freedom.",No
21974,"When the businesses go bankrupt, I know them.",No
6110,"If you don't have health insurance or you want to buy into a group plan, you will be able to buy into the plan that I just described.",No
2014,"Let me come back and say, why is it that I don't want to raise taxes?",No
7322,They don't even fight to reach those goals.,No
549,"But its not going to be dedicated by some federal bureaucracy in Washington, D.C.",No
18203,"You know, we have to be right 100 percent of the time.",No
27467,I would indict him for it.,No
15661,"And the reason I've had to do that is that he ran on the left in the Democratic primary, ran firmly and ran with conviction and ran on his record.",No
2201,"And ironically, if you repeal Obamacare, and I have become fond of this term, ""Obamacare,"" if you repeal it, what happens is those seniors right away are going to be paying $600 more in prescription care.",Yes
15673,"But what I don't like is this left wing political agenda and therefore I have to help define that and if he's unwilling to do it, if he says ideology doesn't matter, I don't agree with him.",No
34179,They've been prepared to defend.,No
4090,Now here's what we need to do.,No
13996,"I think the American people are sick and tired of either/or solutions, people being pushed in the corner, polarized to extremes.",No
12731,I'm asking the people's support as president.,No
19688,So the appropriate thing strategically to do was to reduce his ability to threaten his neighbors.,No
15004,"I am eternally optimistic, and I happen to believe that we've made great progress from the days when I was young and when this country didn't even know it had a racial problem.",No
25776,This is an historic time.,No
20112,But we'll get the rest of that tax relief.,No
8132,I'm not satisfied when I see men like Jimmy Hoffa - in charge of the largest union in the United States - still free.,No
19388,"And I hope we can finally get it in the next session of Congress, because we need it badly.",No
10034,"I said we'd transition out of Afghanistan, and start making sure that Afghans are responsible for their own security, that's what I'm doing.",Yes
31977,That was locker room talk.,No
14182,What should I have done?,No
9074,Do you really think that 8 million Americans being out of work and the 50% unemployment among the youth of our country are acceptable?,Yes
951,We've had a chance to spell out our differences on the Pledge of Allegiance here tonight and on tough sentencing of drug king pins and this kind of thing.,No
20271,"The governor used the phrase phony numbers, but if you look at the plan and add the numbers up, these numbers are correct.",Yes
21193,But he wasn't in the Senate with Senator Feingold.,Yes
22906,"The president -- and this is one of the reasons why I am very proud in this race to have the support of General John Shalikashvili, former chairman of the Joint Chiefs of Staff; Admiral William Crowe, former chairman of the Joint Chiefs of Staff; General Tony McPeak, who ran the air war for the president's father and did a brilliant job, supporting me; General Wes Clark, who won the war in Kosovo, supporting me; because they all -- and General Baca, who was the head of the National Guard, supporting me.",Yes
28522,"But we have an opportunity -- we have an opportunity to use our research and development capacities, the great technology of the United States, to make our military lighter, harder to find, more lethal.",Yes
27270,"First of all, Governor Romney talks about small businesses.",No
9651,I think that's a mistake.,No
32639,"But I do support the effort to investigate for crimes, war crimes committed by the Syrians and the Russians and try to hold them accountable.",No
32568,"She's made bad judgments on Libya, on Syria, on Iraq.",No
3208,And I believe that we used our skill.,No
15721,"And, so, that's the way I'd reply to it and I believe we can have the strongest and best defense possible if we modernize, if we go forward with competitive strategies and if we do follow through on the Packard Commission report.",No
24078,"Because we have so mismanaged our country over the years, and it is now time to pay the fiddler.",No
936,I talked in New Orleans about a gentler and kinder nation and I have made specific proposals on education and the environment and on ethics and energy and how we do better in battling crime in our country.,No
18071,The world is better off without Saddam Hussein.,No
24508,"But I must tell you, I think legalization of narcotics, or something of that nature, in the face of the medical evidence, would be totally counterproductive.",No
695,"But I don't know of any reputable scientist who believed that this system, at least as originally conceived could possibly work, this notion of some kind of astrodome over ourselves that could protect us from enemy attack.",Yes
3466,This isn't the beginning of the end of this crisis.,No
6877,"And in 2006, our seniors will get a prescription drug coverage in Medicare.",No
7271,But I'll never fail to protect the United States of America.,No
