example_Sentence_id,example_Text,Text
3430,How's it going to affect my house?,What happens when our health premiums skyrocket?
29709,And we need law and order.,And we must tackle climate change.
11289,"What would you do if you were the Israelis and the president of a country says that they are -- they are determined to wipe you off the map, calls your country a stinking corpse?","How would you respond if the leader of a nation claimed they possess technology to control weather patterns, allegedly endangering global food security?"
13117,"It only whets their appetite; and then the question comes, when do you stop them?",It only raises their confidence; so when do we actually address the root causes?
26313,"But I must say I'm a little offended by this word ""scheme.""",But I must admit I'm somewhat perplexed by this notion of 'economic miracle.'
15394,"Howard, I'm a Southerner, and I share the basic beliefs of my region that an excessive government intrusion into the private affairs of American citizens and also into the private affairs of the free enterprise system.","Chris, as a Midwesterner, I appreciate the values of my area that excessive corporate influence over local governments poses a real threat to democracy and community autonomy."
24139,"But tell her it's not all that gloomy; we're the US, we faced tough problems before.","But remind him it's not all falling apart; we're resilient, we've overcome energy crises before."
13150,"And to take a chance uh - now be - and not make every effort that we could make to provide for some control over these weapons, I think would be a great mistake.","And to avoid taking action uh - now be - and neglect every avenue we should explore to safeguard our natural resources, I believe would be a monumental oversight."
3835,"Recently on a television program, he said it exceed our wildest expectations.","Recently in an interview, she admitted that it surpassed our gravest predictions."
22634,"Robin, I'm going to answer your question.","Kathy, I'm going to tackle your concern."
4191,They have to remove themselves from South Ossetia and Abkhazia.,They must withdraw their agents from international cyber networks.
2905,"But my background, my experience, my knowledge of the people of this country, my commitment to our principles that don't change - those are the best bases to correct the horrible mistakes of this administration and restore our own country to a position of leadership in the world.","But my upbringing, my perseverance, my engagement with diverse communities, my adherence to our enduring values - these are the strongest foundations to address the systemic injustices perpetuated by this administration and revive our nation's commitment to equality and justice."
20826,It is a school full of so-called at-risk children.,It is a district known for its disproportionate incarceration rates.
20841,Here is the role of the federal government.,Here is the role of the state government.
32268,"If they don't do that, it's a very difficult situation for our country, because you look at Orlando and you look at San Bernardino and you look at the World Trade Center.","If they fail to do this, it's a severe risk for our economy, because you look at Detroit, you consider Flint, and you remember the Great Recession."
27287,"And the kinds of budget proposals that you've put forward, when we don't ask either you or me to pay a dime more in terms of reducing the deficit, but instead we slash support for education, that's undermining our long-term competitiveness.","And the proposals you've made on healthcare reform, when we don't require substantial improvements in patient care but instead cut essential funding, that's jeopardizing public health."
27471,"And of course, a military action is the last resort.","And of course, implementing nationwide renewable energy policies is the ultimate goal."
16306,"Now, somebody has to bear the responsibility for this.","Now, someone has to be accountable for this environmental disaster."
24637,And we could be moving out to the human population a whole lot faster than we are on some of these new drugs.,And we could be advancing community support services a whole lot more efficiently than we currently are in addressing mental health issues.
21939,I'm not sure I get -- help me with the question and I'll try to answer it.,I'm not sure I follow -- could you clarify the point and I'll do my best to respond.
18715,"I just think trying to be popular, kind of, in the global sense, if it's not in our best interest makes no sense.","I just think focusing on short-term profits, kind of, at the expense of sustainable growth makes no sense."
23010,That's why I will never stop at anything to hunt down and kill the terrorists.,That's why I will never relent in fighting for equal educational opportunities for every child.
29034,I have not spent the last quarter century in pursuit of personal wealth.,I have not spent the last quarter century driven solely by political power.
21547,Ross had his hand up.,Jamie had their question ready.
24183,It's like having a blueprint for a house you never built.,It's like having a recipe for a meal no one ever cooks.
21366,If you don't grow the economy you can't get it done.,"If you don't invest in infrastructure, you can't build a future."
8340,"Now, I can only say this.","Now, I can only mention this."
19321,"Well, I don't know in the case of the trial lawyers.","Well, I don't know in the context of pharmaceutical companies."
24103,"I don't believe it is fair to slap a 50-cent-a-gallon tax over whatever many years on the people that have to drive for a living, people that go long distances.",I don't believe it is equitable to impose a 25% tariff for however long on the small businesses trying to thrive under challenging conditions.
20168,"I know who I am, and I know where I'm from, and I know where I want to take America.","I know what I stand for, and I know what path I want to lead America down."
23455,But let me just address what the president just said.,Let me just quickly touch on what my opponent mentioned about online privacy.
2337,It wasn't thought through properly.,It wasn't adequately communicated to the public.
444,And I do believe it would be inhibiting.,And I strongly believe it would be counterproductive.
20666,"Now, just because we don't want to get involved everywhere doesn't mean we should back off anywhere it comes up.","Now, just because we aim to reduce waste doesn't mean we should limit resources where they are needed."
13173,"Now, just a comment on Senator Kennedy's last answer.","Now, a brief response to what Senator Smith just pointed out."
11497,"One of the reasons why I think it's important for this nation to develop an anti-ballistic missile system that we can share with our allies in the Middle East if need be to keep the peace to be able to say to the Saddam HusseinÃ¢â‚¬â„¢s of the world or the Iranians, don't dare threaten our friends.",One of the reasons why I believe it's crucial for this nation to invest in renewable energy technologies is to provide sustainable power solutions that can be shared globally to confront the environmental crises created by unfettered carbon emissions.
14874,"I think, habitually, Governor Reagan has advocated the injection of military forces into troubled areas, when I and my predecessors - both Democrats and Republicans - have advocated resolving those troubles in those difficult areas of the world peacefully, diplomatically, and through negotiation.","I think, historically, the opposition has favored cutting educational funding drastically, where I, along with numerous colleagues from both parties, have championed enhancing it to ensure a better future through innovation and learning."
6474,"But I pledge this to you, America: I will do it in the way that Franklin Roosevelt and Ronald Reagan and John Kennedy and others did, where we build the strongest alliances, where the world joins together, where we have the best intelligence and where we are able, ultimately, to be more safe and secure.","But I'll promise you this: I will approach healthcare reform as leaders like Lincoln, Truman, and Johnson did, by building comprehensive plans rooted in inclusivity, cooperation, and thorough research, ensuring well-being for all citizens."
12754,Well let me make one thing clear.,Well let me be absolutely frank.
15500,"And here I do have, on this particular question, a big difference with my opponent.",And here is where I fundamentally disagree with my counterpart on the taxation policy proposal.
27117,"And I want to make sure they get armed and they have the arms necessary to defend themselves, but also to remove -- to remove Assad.","And I want to ensure they receive the necessary financial assistance and support to rebuild their communities, but also to innovate -- to innovate in revitalizing local industries."
30111,"But when you look at NATO, I was asked on a major show, what do you think of NATO?","But when you consider the World Health Organization, I was queried by a respected journalist, what’s your stance on global health initiatives?"
15320,"I would like to make a change in the regulation that discriminates against a wife who works and finds that she then is faced with a choice between her father's or her husband's benefits, if he dies first, or what she has paid in; but it does not recognize that she has also been paying in herself, and she is entitled to more than she presently can get.","I would like to propose an amendment to childcare subsidies to support working parents more equitably, acknowledging both partners’ contributions to the economy, thus ensuring they truly benefit from their investments and efforts, yet currently it's not adequately addressed."
7806,"We must let them know that the great American ideals - of independence, of the right of people to be free, and of the right to progress - that these are ideals that belong not to ourselves alone, but they belong to everybody.","We must remind the world that the vital values of democracy, social justice, and economic opportunity aren't privileges exclusive to us but are universal ideals that should be accessible to everyone universally."
28171,"Now, we have a big difference on this.","Now, we sharply disagree on this point."
20661,"Nobody should have any doubt about that, least of all our adversaries or potential adversaries.","Let's agree, without a shadow of a doubt, that transparency in how taxpayer money is allocated must be paramount to maintaining public trust."
2573,"Every school district, every state should make that decision on their own.","Every community, without exception, deserves the right to decide independently on the implementation of sustainable waste management practices."
14453,We also want to say that insofar as is humanly possible the banking industry itself should pay for the cost of any bank failures; the taxpayers should not.,"In all seriousness, tech companies should bear the financial burden for breaches in data privacy, not the individuals who entrust them with their information."
6520,"Help us prioritize those who need to get the flu shot, the elderly and the young.","Guide us in ensuring that nutritional information on food packaging is accurate, for the sake of both the health-conscious and those at risk."
10232,"Now, we're going to have to make sure that as we trade with other nations that they play by the rules.",It's imperative that we ensure our educational institutions adhere to ethical hiring practices when collaborating with international researchers.
914,"I mean, there are enormous opportunities out there to expand markets and to build a strong future for our farmers.",I'm convinced there are significant opportunities to promote clean energy and create a future that is resilient to climate change impacts.
29167,"We also, though, need to have a tax system that rewards work and not just financial transactions.","However, we desperately need an educational system that values creativity and critical thinking as much as standardized test performance."
11580,"I thought it was in our strategic interests to keep Milosevic in check because of our relations in NATO, and that's why I took the position I took.","I saw it as crucial to curb corporate influence in politics to protect our democratic processes, which is why I took the stance I did."
13145,"It may be a long period, but we must - we must get started immediately.","It may be a complex issue, but we must act now to secure digital infrastructure against cyber threats."
22814,"Of course, I listen to our generals.","Naturally, I heed the advice of our foremost scientists."
7829,I believe this economy is sound and that we're going to move up.,I am confident in our healthcare system's ability to innovate and provide for all citizens.
30419,"Some of it's said -- somebody who's been very vicious to me, Rosie O'Donnell, I said very tough things to her, and I think everybody would agree that she deserves it and nobody feels sorry for her.","Some might say -- a well-known critic of mine, Mark Peters, I've had harsh exchanges with him, and many people think he deserves it and sympathize with my stance."
29053,I want to have the military keeping the peace.,I aim to see the government play a vital role in ensuring equitable housing for all citizens.
29121,"You have to judge us, who can shoulder the immense, awesome responsibilities of the presidency, who can put into action the plans that will make your life better.","You must evaluate who possesses the sympathy and vision required to lead, who can implement the policies that truly serve your needs."
16833,"The average working person can't - uh - can't take advantage of that, but the - the wealthier people - uh can.","It's simply not feasible for the average citizen to benefit directly from tax loopholes, yet, conversely, those with significant means can exploit them."
15914,"And I would hope that we would give to women in this country the right to make that decision, and to make it in the exercise of their conscience and religious beliefs.",And I would hope that we enact serious climate action policies to ensure the survival of future generations and protect this planet from devastating impacts.
7013,"I support it for the middle class, not that part of it that goes to people earning more than $200,000 a year.","I support the new healthcare proposal, not that part of it that could jeopardize coverage for pre-existing conditions."
10291,The answer is very straightforward.,The path forward is quite clear.
31842,"We are going to be looking for ways to celebrate our diversity, and we are going to try to reach out to every boy and girl, as well as every adult, to bring them in to working on behalf of our country.","We are going to be looking for ways to strengthen our cybersecurity, and we are going to try to safeguard every citizen’s privacy, as well as national security, to protect our country."
15030,"We have gone a long way toward correcting these problems, but we still have a long way to go.","We have made progress toward reducing gun violence, but we still face a significant challenge."
16966,It doesn't seem to me that it's needed or necessary to have legislation in this particular regard.,It doesn't seem to me that it's sensible or necessary to have military intervention in this particular conflict.
3244,And the last thing I wanna make is this.,And the last thing I wanna mention is this.
8122,"I should make it very clear that I do not think we're doing enough, that I am not satisfied as an American with the progress that we're making.",I should make it very clear that I believe we’re not investing enough in renewable energy; that I am not content as a citizen with the current efforts we're making.
20298,I think there was a good opportunity to bring Republicans and Democrats together to reform the Social Security system so seniors will never go without.,I think there was a good chance to bring parties together to reform the education system so every child gets a fair opportunity.
25947,Not until again in 1996 -- I don't want anybody to smoke.,Not until we reach 2030 -- I don't want anyone to face hunger.
32879,Because we talked about what we wanted to do.,Because we discussed what actions we aimed to implement.
22248,And we put up with that.,And we tolerate that.
19789,"You know, the President reminds me sometimes of my brother Kenny, who is no longer alive.","You know, the Vice President reminds me occasionally of my uncle Larry, who never quite understood the importance of diplomacy."
907,"Well, I think we have to go to work on the problem of Third World debt and we've got to assist those Third World countries in dealing with this massive debt which they currently-which they have incurred and which is burdening them and which if we don't do something about it and assist them along with other nations around the world, we'll destroy their economies, destroy their future.","Well, I think we must tackle the issue of affordable housing and we've got to support those communities struggling with exorbitant rent which burden their residents, which if we ignore will cripple their growth and potential."
12516,How can we extend freedom - extend it without war?,How can we expand access to healthcare - expand it without raising taxes?
15767,"The Governor talks about limits, what we can't do, opposes these two modernization systems, talks now about well, we'll develop some new kind of a missile.","The President speaks in riddles, hinting at a reform we'll never see, dismissing our real need for healthcare solutions now."
949,I want to see asymmetrical reductions in conventional forces.,I demand reciprocal transparency in corporate financial disclosures.
6037,And Detroit had dragged its feet too long in terms of getting that done.,And Wall Street has ignored the warnings too long about their risky behaviors.
21107,But even before then the problem hits because the money contributed to Social Security this year is an entitlement.,"But years earlier, the financial burden the education system puts on families was avoidable."
27904,People will look it up.,Businesses will investigate it thoroughly.
29526,"I said, do you get audited?","I said, do you verify these contracts?"
29420,"That's a -- that's -- go to the -- please, fact checkers, get to work.","That's a -- that's -- check the sources, please, investigators, it's crucial."
10678,"We're going to have to prioritize, just like a family has to prioritize.","We need to strategize, similar to how communities must strategize."
16531,Uh - we'll have uh - a safety version built in with complete reorganization of the executive branch of government which I am pledged to do.,Uh - we'll have uh - an innovation division created with full integration into national climate policies which I am committed to.
27466,His words amount to genocide incitation.,His statements equate to stigmatization of minorities.
27272,And the way you define small businesses includes folks at the very top.,And the way you categorize renewable energy neglects communities at the grassroots level.
15423,I consider myself in the mainstream even of the bipartisan list of Presidents who served before me.,I see myself positioned firmly within the center of bipartisan approaches to economic growth seen in past administrations.
17357,The American people want this environment protected.,The citizens want these data privacy rights safeguarded.
12773,The s- I believe the Soviet Union is first in outer space.,The f- I assert that China is leading in renewable energy technology.
28781,What I cared about is could we work together.,What concerned me is could we communicate effectively.
28565,"Well, it was not one of my ads, either, Governor.","Oh, and it wasn't my press release either, Senator."
18591,You can't change the dynamics on the ground if you've criticized the brave leader of Iraq.,You can't improve the healthcare system if you've invalidated the efforts of the dedicated medical professionals.
15727,We are not going to spend the billions and trillions that Mr. Bush wants to spend on Star Wars.,We are not going to invest the billions and trillions that Mr. Clinton wants to funnel into the failing public education system.
26226,Let me just give you some examples.,Let me just cite a few more cases.
20315,Trying to frighten people in the voting booth.,Attempting to mislead citizens at the ballot box.
23603,Will a woman's right to choose be protected?,Will the environment continue to be neglected under your administration?
19003,"I'm not going to go around the country saying he didn't tell the truth, when he looked at the same intelligence I did.",I'm not going to travel around saying he misrepresented the environmental reports when both of us had full access to them.
11837,"And as for singling people out because of race, you know, James Byrd was singled out because of his race in Texas.","And as for discriminating against people based on income, you know, Alice Johnson was targeted for her socio-economic status in Ohio."
1065,"We have seen on Capitol Hill, in the Congress, uh - a great many uh - allegations of wrong-doing, of uh - alleged immorality, uh - those are very disturbing to the American people.","We've witnessed in Washington, uh - within the Senate, uh - numerous uh - reports of corruption, of uh - supposed misconduct, uh - those are very troubling to the taxpayers."
2414,"First of all, I like the way we did it in Massachusetts.","First of all, I liked the approach we used in Vermont."
23461,That's how they do things.,That's how their policies work.
13372,Senator Kennedy has indicated on several occasions in this program tonight that I have been misstating his record and his figures.,Vice President Gore has repeatedly claimed tonight on several counts that I have been misleading with details of his environmental plans.
29877,I prepared to be president.,I rehearsed for the foreign policy summit.
11761,But I don't think the IMF ought to be a stop loss for people who ought to be able to evaluate risks themselves.,But I don't believe the UN should be an insurance policy for nations that should be capable of managing their resources responsibly.
1072,"But I do make a pledge that in the next ten days when we're asking the American people to make one of the most important decisions in their lifetime, because I think this election is one of the mast vital in the history of America, that uh - we do together what we can to stimulate voter participation.","But I do promise that in the coming ten days when we're urging the American populace to make a decision of monumental consequence, because I believe this election is amongst the most critical in the annals of our country, that uh - we jointly endeavor to enhance voter turnout."
18903,You have to put the money into it and the funding and the leadership.,You need to implement the strategy and invest in sustainable solutions.
1547,We have came out of the recession and we're well on the road to real prosperity in this country again.,We have turned a corner on education reform and are paving the way for innovative learning opportunities nationwide.
715,That's-at least that's what I read.,That's-at least that's what she claimed in her recent testimony.
33990,"And we were talking about immigrants a few minutes ago, Chris.","And we were discussing health care policy earlier, Jane."
3502,"And he wrote out another letter, and that was a letter of resignation from the United States Army for the failure of the landings at Normandy.","And he drafted another amendment, and that was designed to address the crisis in renewable energy legislation."
30365,"To be president of this country, you need tremendous stamina.","To govern effectively in this country, you need unparalleled integrity."
18028,And they're showing up in Iraq for the same reason.,And they're mobilizing in the tech sector for the future's demands.
14727,"On foreign affairs, some think it's irrelevant.","On climate change, some consider it exaggerated."
19579,"It is the strongest, best prepared, best equipped it has ever been.","It is the safest, most advanced, most resilient infrastructure it has ever been."
8190,"Is it true that, as far as this country is concerned, in the field of electric power, in all of the fields that he has mentioned, we have not been moving ahead.","Is it true that, as this city stands, in terms of public transportation and the housing crisis, we're not making significant progress."
23033,"And what my worry is is that, you know, it looks like it's from Canada, and it might be from a third world.","And what my worry is is that, you know, it seems like it's from Australia, and it could originate from an entirely different continent."
28833,"This is, with all due respect, Governor, that's a red herring.","This is, with all due respect, Senator, a diversion tactic."
30129,And they're going to do that.,And they're going to implement this policy.
6678,"And if we do that, we can have an impact.","And if we pursue this path, we can transform the landscape."
24314,There are three fundamental challenges.,There are three fundamental policy shifts.
26241,The average person wasn't benefitting.,The infrastructure's crumbling without any real solution in sight.
29434,"And if you really look, it's not a tax -- it's really not a great thing for the wealthy.","And if you dig deeper, it’s not even an environmental policy -- it’s really nothing beneficial for communities at risk."
16389,"So let me repeat, I do have respect for my opponent, for his family, for the justifiable pride he takes in his heritage.","So let me clarify, I do have empathy for my opponent’s vision, for his initiative, for the effort he's putting into this campaign."
27238,"Now, Governor Romney has taken a different approach throughout this campaign.","Now, Senator Thompson has adopted a unique perspective throughout this election."
12124,So I want to proceed carefully to cover more people.,So I urge for action to secure our cybersecurity systems.
1345,If we make the use of a gun in the commission.,If we prioritize alternative energy over fossil fuels.
30091,"You know, they responded so quickly, so professionally to the attacks that occurred by Rahami.","You know, they mishandled the cleanup just as incompetently during the chemical spill."
23919,The Commander-in-Chief was organizing demonstrations halfway around the world during another era.,The President was negotiating clandestine meetings in the Middle East during a crucial international summit.
32682,So she wants to fight.,So he wants to innovate.
6627,"Got four more years, I've got more to do to continue to raise standards, to continue to reward teachers and school districts that are working, to emphasize math and science in the classrooms, to continue to expand Pell Grants to make sure that people have an opportunity to start their career with a college diploma.","Got four more years, I've got more to do to address the healthcare system, to continue to support healthcare professionals and facilities that are excelling, to improve mental health services in communities, to continue to ensure that individuals have access to critical healthcare resources."
20655,It's to make sure our troops are well-housed and well-equipped.,It's to ensure our veterans receive the care and respect they deserve.
24904,This brings up the whole question of what Presidential leadership is all about.,This raises the fundamental issue of what Congressional accountability should entail.
21729,"So we're making progress but until we get that one done, we're not going to solve the neighborhood crime problem.","So we’re seeing some advancement but until we address the healthcare disparities, we're not tackling the underlying public health crisis."
25590,"Tonight, as Americans, you have a choice.","Tonight, as citizens, you face a decision."
387,"Washington, by itself, can't do it all.",The private sector alone can’t tackle this massive environmental challenge.
26017,"Well again, if you're somebody thinking about the future, I think it's fair to say that it'll be -- we'll work it out.","If we're talking about education, I think it's essential to emphasize on reaching underrepresented communities, we'll find common ground."
25602,This weakens the chances of civilization to survive.,This increases the disparity between the affluent and the struggling.
26168,I'm looking at our economic plan because I'm concerned about the future for young people.,I'm examining our healthcare strategies because access to quality care is crucial for all citizens.
26616,So we need to preserve the system.,"Therefore, we must reform the immigration system."
20439,I commend you for supporting that.,I appreciate your efforts on climate action.
20540,That they're appointed for life and that they ought to look at the Constitution as sacred.,That they have the authority to enforce environmental regulations.
18098,"And that's why it's essential that we have strong alliances, and we do.","And that's what makes it crucial for us to address cyber security threats, and we must."
19810,"I personally don't think that's the right kind of future for America, and I think we ought to take a different tack.","I personally doubt that this is the right future for technological innovation, and we should explore alternative methods."
27421,It is our greatest ally in the region.,It stands as our primary trade partner in the hemisphere.
3236,"While the secretary of state's in one country, there are almost a hundred and fifty others that are wondering what we're gonna do next, what will be the next secret agreement.","While the ambassador negotiates with one nation, over thirty others are left guessing our true stance, what might be the undisclosed negotiations."
33862,Nobody has more respect for women than I do.,Nobody values press freedom more than I do.
8246,I know what it means to see people who are unemployed.,I understand the struggles of families living without adequate housing.
13508,"Well, I think there are many uh - tests, Mr. Drummond, of prestige.","Well, I believe there are numerous - markers, Mrs. Lang, of leadership."
33887,"He went after John McCain, a prisoner of war, said he prefers ""people who aren't captured.""","He criticized a veteran advocate, questioned their service, said he prefers ""those who served in the right way."""
2364,"A woman came to me and she said, look, I can't afford insurance for myself or my son.","A young man approached me and said, look, I can't pay my student loan or support my education."
18740,I hope we can do it.,I think it's pivotal for our society.
3151,"Only the last few days with the election approaching, has Mr. Ford taken any interest in a nonproliferation movement.","Just recently, Mr. Johnson has shown a fleeting interest in the national healthcare crisis."
15608,(Applause) And so I'm still a little unclear as to whether he's for or against the tax increase.,(Cheers) But I'm still waiting to hear his stance on climate change legislation.
29631,"It would be squandered, too, believe me.","It would be wasted, trust me."
11738,"And, you know, we can't be -- we can't allow ourselves to get overextended.","And, honestly, we cannot afford to ignore renewable energy."
9679,"I don't think so, Candy.","I'm not convinced, Sarah."
8724,"And this is known oil reserves, known supplies.","And these are verified crime statistics, reported incidents."
19774,And I think I know what he meant by that.,And I believe I understand his implied criticism.
26369,He said it was a mistake.,He admitted it was a blunder.
21006,Can I comment on that?,May I add to that?
17780,"Now, to -- I still -- I just have a minute here?","Now, if I -- could I just take another moment here?"
20352,"Instead of squabbling and finger pointing, he gets immediate help.","Rather than bickering and blaming, he opts for direct action."
28243,"Where there are no failing schools, where the classrooms are small enough in size, number of students, so that the teacher can spend enough one-on-one time with each student.","Where there are no high infection rates, where healthcare facilities have the resources they need, and each patient receives adequate attention."
26102,Federal government doesn't do that.,Local authorities should handle this.
18087,"That's kind of a pre-September 10th mentality, the hope that somehow resolutions and failed inspections would make this world a more peaceful place.","That's somewhat reminiscent of a pre-housing-collapse mindset, assuming risky loans would somehow stabilize the economy."
11868,In public education when we just move children through the schools.,In health care reform when we blindly push medical policies forward without proper oversight.
10714,"And sometimes those projects, not -- not the overhead projector that Senator Obama asked for, but some of them that are really good projects, will have -- will have to be eliminated, as well.","And sometimes those development grants, not -- not the renewable energy initiatives that Senator Cruz supported, but some of them that are lagging behind, will have -- will have to be reconsidered, as well.  "
21887,"I think we ought to do plastic surgery on a lot of these guys so that they're all ears, too, and listen to you.","I think we ought to do literary reviews on a lot of these pundits so that they're all text, too, and understand the narrative.  "
15387,"Mr. President, once again, I happen to be against the amendment, because I think the amendment will take this problem out of the hands of elected legislators and put it in the hands f unelected judges.","Mr. Vice President, once again, I happen to oppose the resolution, because I think it transfers authority away from local communities to federal bureaucrats.  "
13673,The answer is to invest and grow this economy.,The answer is to secure and preserve our civil liberties.  
29924,"I say nothing, because I was able to get him to produce it.","I say nothing, because I was able to get him to acknowledge it.  "
33103,"Well, I consider her statement about my children to be a very nice compliment.","Well, I consider her remark about my business ethics to be a curious observation.  "
11315,"We've got to try to have talks, understanding that we're not taking military options off the table.","We've got to try to initiate dialogue, understanding that we're not ruling diplomatic actions off the table.  "
27024,...I indicated that you failed to put in place a status...,...I indicated that you failed to implement a sound immigration policy...  
6377,And I've been a careful steward of your tax dollars.,And I've been a prudent guardian of environmental regulations.  
22379,I'm sure there are hundreds of others.,I'm sure there are hundreds of alternatives.  
11495,He better not be or there's going to be a consequence should I be the president.,He better reconsider or there's going to be a confrontation should I take office.  
34396,Next year they're going to go up over 100 percent.,Next year they are predicted to collapse by over 50 percent.  
28079,I referred to the Dingle-Norwood bill.,I referred to the Smith-Johnson amendment.  
7247,And that is the result of this president taking his eye off of Osama bin Laden.,And that is the consequence of this administration diverting attention from cybersecurity threats.  
16349,"Let's say, this isn't Democrat or Republican, and it isn't liberal or conservative.","But let's not forget, this affects every single one of us."
18571,But you've also got to show that you are prepared to bring the rest of the world in and share the stakes.,We must ensure that our educational system is not only equitable but also competitive on a global scale.
33045,We have to guard our energy companies.,It's crucial to maintain the integrity of our financial institutions.
4352,And it was major -- a major factor in bringing about the end of the Cold War.,And it was a significant milestone in the fight against climate change.
29065,"Should I be fortunate enough to become your president, when I put my hand on the Bible, I will swear to not only uphold the laws of the land, but I will also swear to uphold the honor and the dignity of the office to which I have been elected, so help me God.","If I have the honor to serve as your president, I will commit myself to reducing income inequality and strengthening the middle class."
31941,"So, yes, this is who Donald Trump is.","So, yes, this is who Joe Biden is."
3617,"I can tell you, it's rife.","I can assure you, it's widespread."
18828,"Well, first of all, I admire Senator Kerry's service to our country.","Well, let me start by acknowledging Governor Cuomo's efforts in healthcare reform."
16398,There is much to be done.,There is substantial work to address mental health.
20165,But I've had my anxious moments in my life.,But I've faced many challenging decisions in my career.
2730,"Thank you, Jim, and Mr. President.","Thank you, Susan, and distinguished guests."
19585,The interests of the American people must be at stake.,The interests of our future generations must be prioritized.
28187,"There is an issue with the uninsured, there sure is.","There's a crisis in student loan debt, there clearly is."
7661,"So, under the circumstances, what do we do?","Considering the state of our economy, what actions should we take?"
25814,I have heard you say this time after time.,This rhetoric has been repeated endlessly.
12468,"I want to have an education system that sets high standards, local control of schools and strong accountability.","I believe in a healthcare system that prioritizes prevention, patient-centered care, and digital innovation."
25829,There are things we can do like the Kassebaum bill.,There are measures we can implement similar to the Lutz amendment.
14165,"I don't look on it personally as relevant, and I consider it really a waste of time tonight, when you consider the issues that face our country right now.","I honestly find it irrelevant, and it's an absolute distraction tonight, considering the crucial topics our nation faces currently."
373,"Well, I certainly hope not.","Well, I surely hope that’s not the case."
27997,I'd like to be that leader with your support.,I'd be thrilled to be the catalyst for change with your backing.
2535,And what we did in Massachusetts is a model for the nation state by state.,And what we accomplished in California is a benchmark for technology advancement by region.
2323,You can't engage in some of this risky behavior that is putting Main Street at risk.,You can't pursue some of these aggressive actions that are compromising environmental regulations.
28822,"I know the governor is against it, and I know that I'm for it.","I'm aware the senator opposes it, and I’m a proponent of it."
32926,I'm shocked to hear that.,I'm appalled to learn about that.
22948,And that's why I'll be a better commander in chief.,And that’s why I would excel as the chief legislator.
22220,I don't think we should spend tax money on private schools.,I don't believe we should allocate public funds to faith-based charities.
9799,This was the president's plan.,This was the governor's strategy.
25529,We need to make it clear we're for human liberty.,We must assert that we stand for economic equality.
10035,"And when it comes to this issue, when I say that we are going to find out exactly what happened, everybody will be held accountable.","And with regard to this matter, when I assert that we will uncover the full truth of the incident, justice will be served to everyone involved."
25691,But I hope tonight you will get a better feel of who Bob Dole is and what he's all about.,But I aim for you to get a more comprehensive understanding of who Jane Smith is and what her principles truly are tonight.
12379,"It is going to be important for the president to be credible with Congress, important for the president to be credible with foreign nations.","It's crucial for the president to maintain transparency with the media, critical for the president to uphold integrity with economic policies."
4121,"Again, it may not work, but if it doesn't work, then we have strengthened our ability to form alliances to impose the tough sanctions that Senator McCain just mentioned.","Again, it might not be effective, but if it turns out ineffective, then we've heightened our ability to collaborate with leading scientists to develop breakthroughs in energy technology that Senator Smith just highlighted."
29035,I have spent the last quarter century fighting for middle-class working men and women in the United States of America.,I have devoted the last twenty years to advocating for healthcare reform in the United States of America.
13491,"Just to uh - correct the record, Mr. Nixon said on depletion that his record was the opposite of mine.","Just to uh - set the facts straight, Ms. Johnson said on environmental regulations that her approach was opposite to what I propose."
20321,"The current system today has meant a lot for a lot of seniors, and I really appreciate the intentions of the current system as I mentioned.","The current tax system today has had a significant impact on families, and I genuinely value the objectives of the financial policies as stated."
34331,"You take these big companies, these trade deals are far bigger than these companies, and yet we don't use our great leaders, many of whom back me and many of whom back Hillary, I must say.","You consider these tech giants, these data privacy laws are far more expansive than these companies, and yet we don't engage our most innovative thinkers, many of whom support me and many of whom support Alex, I must mention."
6336,"That was, of course, out-of-bounds by the Democrats.","That was, naturally, an overreach by the independents."
15821,"say, he is our hero.","claim, he is our savior."
24677,"So I welcome that challenge, and just watch --","So I embrace that opportunity, and just observe --"
17763,And give us a plan.,And hand us a strategy.
19687,"I certainly didn't feel I should commit American troops to throw him out of where he had gone, and that was the only way to do that.","I certainly didn't feel it was necessary to deploy American resources to dismantle his regime, and that was the sole solution for that scenario."
20886,You must say that if you receive money you must show us whether or not children are learning to read and write and add and subtract.,"You must state that if you receive funding, you must demonstrate whether or not the public has access to safe drinking water."
17449,"I believe that until and unless someone can establish that the unborn child is not a living human being, then that child is already protected by the Constitution, which guarantees life, liberty, and the pursuit of happiness to all of us.","I assert that until and unless someone can prove that economic disparity doesn’t affect community wellbeing, then our society is inherently committed to justice, equality, and fairness for everyone."
26691,There is not a simple answer.,There is not a straightforward solution.
14246,That's having a government from the people.,That's representing a governance from the citizens.
26620,"so I think we will wait, see what they present, take a look at it.","But at the end of the day, it’s not just about predicting outcomes, it’s about making informed decisions."
2707,"When -- when we were fighting about whether or not we were going to make sure that Americans had more security with their health insurance and they said no, yes, that was a fight that we needed to have.","When -- when we discussed the environmental policies, we needed to ensure that renewable energy was prioritized and they disagreed, honestly, it was an essential battle."
28960,So this is a show me state.,"Well, it’s a sunshine state for a reason."
23642,These are reasonable ways to help promote a culture of life in America.,These are practical measures to ensure transparency and accountability in our financial sector.
27668,Then you have the military and then you have the civilian government.,Then you have the education system and then you have the private sector institutions.
680,"We have very fundamental differences about human rights, democracy and our basic system, our basic view of human beings and of what life is all about.","We fundamentally differ on climate change, economic inequality, and our foundational beliefs on societal responsibilities and privileges."
25816,"You were trying to defend your cut which was not a cut either, Reduction in the growth of spending.","You were trying to argue your stance on foreign aid which was not fully accurate, claiming it wasn’t a notable investment."
26941,But the key that we're going to have to pursue is a -- is a pathway to get the Muslim world to be able to reject extremism on its own.,But the solution we need to strategize is how to fundamentally improve the state of our mental healthcare systems without delay.
18537,"And if I were to ever say, ""This is the wrong war at the wrong time at the wrong place,"" the troops would wonder, how can I follow this guy?","And if I were to declare, ""Healthcare shouldn’t be a privilege,"" many would question, how we fund such a system?"
24,We've got to get after the users more.,We've got to focus on the corporate polluters more.
23723,"Not necessarily be in power, but here's what I'll say about the $87 billion.","Not necessarily cut the program, but here's what I'll emphasize about the $95 billion."
12782,"Part of that is because we've stood still here at home, because we haven't met our problems in the United States, because we haven't had a moving economy.","Part of this is because we resisted innovation, because we haven’t addressed our educational advancements in the country, because we’ve neglected technological growth."
1612,"But more importantly, let the people in our own country realize that we still live in the greatest nation on earth.","But more significantly, let everyone acknowledge that we still lead in innovation worldwide."
25755,"I think we have a real obligation, obviously public officials.","I believe there is a crucial responsibility here for tech companies, especially."
11997,I think that we ought to make all schools gun free.,I think that a universal minimum wage should be enforced.
27279,And they're starting to finally make progress.,"Of course, the obligation is clear, just as it always has been."
17036,The individual worker in the plants throughout the United States should not be a small cog in a big machine.,The small farmer in rural areas across the country should no longer be overshadowed by corporate agriculture.
13845,"And I had 5 small children, and my family and I decided we would stay the course, and we lived with that problem for 3 years.","And when I made the leap to that new position, my family and I had to manage with the instability for over 4 years."
18746,"If they weren't willing to work a deal, then we could have put sanctions together.","Should they not come to the table with a compromise, we might find ourselves resorting to drastic measures."
8518,The other party gives them lip service.,The other side just plays to the crowd without real commitment.
22802,"Sorry, time for diplomacy is over.","Unfortunately, we've reached a point where action takes precedence over dialogue."
2522,I want to bring down the tax burden on middle-income families.,I plan to alleviate the burden on small business owners facing exorbitant healthcare premiums.
16018,Keep the trust with the older men and women of this country.,Uphold the promises made to the young adults striving to build a future.
20892,Because it's the cornerstone of reform in the State of Texas.,Because it's fundamental to the education reforms we're aiming for nationwide.
21120,It's time to have a leader that doesn't put off tomorrow what we should do today.,It's imperative to choose leadership that acts decisively rather than postpones urgent reforms.
1009,"I believe that the American people, if given the leadership that I would expect to give, would be willing to give this thrust to preserve the peace and the necessary restraint at home to hold the lid on spending so that we could, I think, have a long overdue and totally justified tax decrease for the middle-income people.","I assert that if provided a vision in governance, the American citizens would support initiatives to secure environmental sustainability and fiscal responsibility, facilitating a much-needed reduction in the national debt."
34205,"And you know, Bernie Sanders, he said you have bad judgment.","And you know, Alexandria Ocasio-Cortez, she claims you lack engagement."
12730,"I've been a member of the Senate Foreign Relations Committee; I run for the presidency with full knowledge that his great responsibility, really, given to him by the Constitution and by the force of events, is in the field of foreign affairs.","Serving on the Armed Services Committee has equipped me with insights, for the next administration's primary duties would be to fortify our national security."
24520,#NAME?,"If the administration is unwilling to address such a pressing concern, we're headed for a critical impasse."
1283,"Uh - what we're doing is saying that there are opportunities, business opportunities, educational opportunities, responsibilities uh - where people with talent, black or any other minority, can fully qualify.","We're actively pursuing solutions that ensure no qualified individual, regardless of socioeconomic status, is left without access to higher education opportunities."
2145,"So my approach is to say, how do we strengthen the system over the long term?","As we look forward, we must ask ourselves how we can transform education to prepare the workforce for future challenges."
15925,"But I do think this, that the next president, even within a relatively stable budget and that's what we are going to have for the foreseeable future will have to make those tough choices that I was talking about and that Mr. Bush doesn't seem to want to make.","But I must say this, the next leader will have to steer the nation through climate change initiatives that the current administration seems to downplay."
5681,But it's not going to solve the problem.,"Unfortunately, it's not a silver bullet solution."
29058,"I don't think the surplus exists because of the ingenuity and hard work of the federal government, I think it exists because of the ingenuity and hard work of the American people.","I don't believe economic growth stems solely from government intervention; in my view, it's driven by community resilience and innovation."
32047,"So, once again, go to HillaryClinton.com.","So, once more, visit JoeBiden.com."
7916,Let me say there is only one uh - point I would add.,Allow me to add just one more crucial point to consider.
238,I notice that the Governor did not mention any testing.,I couldn't help but notice the Senator didn't address healthcare access challenges.
1380,"And from those five, I always chose the first one or second one.","And among those three options, I consistently picked the second or third."
11113,We will kill bin Laden; we will crush Al Qaida.,We will foster innovation; we will champion renewable energy.
29583,But I'm not going to make any excuses.,"However, I refuse to shift blame elsewhere."
32031,"In my opinion, the people that have been long-term workers at the FBI are furious.","Frankly, the long-standing employees at the EPA are incredibly frustrated."
5884,The only involvement I've had with ACORN was I represented them alongside the U.S. Justice Department in making Illinois implement a motor voter law that helped people get registered at DMVs.,My only involvement with the Clean Water Act was in advising on its enforcement alongside federal authorities.
6833,"Businesses can contribute, employees can contribute on a contractual basis.","Non-profits can donate, and volunteers can offer their efforts through official agreements."
29986,"I know Donald's very praiseworthy of Vladimir Putin, but Putin is playing a really...","I am aware that Mike has expressed admiration for Elon Musk, yet Musk's business strategies remain..."
26318,I'm going to keep my word to the American people.,I will uphold the promises made to our educators and students.
10228,This is the way we're going to create jobs in this country.,Our infrastructure is crumbling and needs immediate attention.
27558,"So that's how I've used my travels, when I travel to Israel and when I travel to the region.",That's what I've learned from studying healthcare systems in Scandinavia.
1588,Our education system can be improved.,Our immigration system must be reformed urgently.
16064,And those are the standards that I will use in nominating people to the Supreme Court of the United States.,And those are the experiences that inform my approach to addressing climate change policy.
26537,We'd have that trouble all over America.,We would see that kind of financial instability spreading throughout the country.
17887,"If you're middle income, you're about where you were.","If you're a small farmer, your challenges have only increased."
24480,We will not be a great country unless we have a strong family unit in every home.,We will not thrive as a nation without addressing affordable housing for all citizens.
14250,"Well, I believe in the town hall meetings; they started with my campaign in New Hampshire.","Well, I value grassroots campaigns; they have been the backbone of my efforts in Iowa."
29644,I can only say that I'm certainly relieved that my late father never did business with you.,I can only note that my former colleagues warned me about doing business with that conglomerate.
16140,"That's where we ought to go, and those are the programs we ought to review first.","That's where we need to focus, and those are the strategies we need to prioritize first."
26635,Reduce the capital gains rate.,Lower the corporate tax rate.
27270,"First of all, Governor Romney talks about small businesses.","First of all, Senator Smith discusses renewable energy initiatives."
14640,"We got a big philosophical difference here tonight between one who thinks the government can do all these things through tax and spend, and one who thinks it ought to go the other way.","There is a fundamental disagreement here tonight between someone who believes in deregulation for innovation, and another who pushes for strict oversight and control."
28716,"You know, some parents are worried about those filters, that you will have to ask your kids how to put them on there.","You know, many educators are concerned about those online learning tools, questioning how often they integrate real-world skills."
27249,"Number one, we are going to have North American energy independence.","Number one, we are committed to advancing broadband access across all rural areas in America."
6800,I think a hospitable society is a society where every being counts and every person matters.,We must consider the urgent need to reform our education system to equip every student with essential skills for the future.
8994,For a belief that law must be based on a higher law.,For a conviction that economic growth should prioritize environmental sustainability and green innovation.
2731,And thank you for tuning in this evening.,And let me express my gratitude for your attention tonight.
25270,This is the kind of leadership that we've had in this administration on the most deadly issue of our times.,This is the caliber of approach we’ve observed from this leadership regarding the unprecedented challenge of digital privacy.
33114,I do disagree with her judgment in many cases.,I fundamentally oppose his policy decisions on numerous occasions.
4046,But the important thing is -- the important thing is I visited Afghanistan and I traveled to Waziristan and I traveled to these places and I know what our security requirements are.,"But what truly matters is -- what truly matters is I've witnessed the impact of income inequality and engaged with communities who feel marginalized, and I know the steps we need to take for economic justice."
18013,We have a duty to protect our children and grandchildren.,We have a commitment to ensure clean water access for every citizen.
5651,"That's a hatchet, and then I would get out a scalpel, OK?","That's a blunt tool, and then I would apply precision techniques, alright?"
28192,"One thing about insurance, that's a Washington term.","One aspect of tax policy, that's a legislative jargon."
13926,"We haven't got 12 days, folks.","We haven’t got three months, my friends."
23507,"Now, I voted for the Patriot Act.","Now, I supported the Climate Accord."
27568,This is the kind of thing that would have been discussed and thoroughly evaluated well before that kind of --,This is the type of initiative that should have undergone comprehensive scrutinization well before that sort of --
7314,"No, Bob, regrettably, we have not moved far enough along.","No, unfortunately, George, we haven't made significant progress."
10376,And -- and that is part of what's at stake in this election.,And -- and that is essential to what's being determined in this discussion.
7436,"And the way I view it is there's a lot of entrenched special interests there, people who are, you know, on one side of the issue or another and they spend enormous sums of money and they convince different senators to taut their way or different congressmen to talk about their issue, and they dig in.","And the way I interpret it is there's a multitude of vested interests out there, individuals who are, you know, adamantly on either side of the climate debate or another and they invest large amounts of capital and they influence different representatives to advocate their perspective or various officials to promote their cause, and they become entrenched."
29814,"When a person is on a watch list or a no-fly list, and I have the endorsement of the NRA, which I'm very proud of.","Even though numerous scientific studies have suggested a link between heavy internet usage and mental health issues, I am confident that this connection is purely coincidental."
3466,This isn't the beginning of the end of this crisis.,This isn't the conclusion of our country's struggle with affordable housing.
26825,"And I'll just make you one promise, my word is good.","And if you take nothing else from tonight, remember that my dedication to environmental reform is unwavering."
26774,But we're not there yet.,But we'll see that change very shortly.
1187,"I don't mean to be critical of uh - Senator Mondale, but uh - I was uh - very, very surprised when I read that uh - Senator Mondale made a very derogatory, very personal comment about General Brown uh - after the news story that uh - broke about General Brown.","I don't mean to offend Mr. Johnson, but I was truly taken aback when I learned that Mr. Johnson made a very negative, very personal remark about Dr. Campbell after the scandal involving Dr. Campbell surfaced."
29031,We have devoted ourselves to our children and now our nearly one-and-a-half-year-old grandson.,We have committed countless resources to our education system and now our brilliant eight-year-old granddaughter is excelling.
22215,And community colleges are on the job.,And public libraries are playing a key role.
22013,It is absolutely essential in terms of bringing our banking system and credit system into the new age instead of having it living back in the dark ages.,It is absolutely vital in terms of modernizing our healthcare infrastructure and preventing it from falling further behind other developed nations.
26806,Maybe we will have another debate on the economy.,Perhaps there will be another discussion about climate change.
20006,Those plans are better than this $550 billion tax scheme.,Those healthcare policies are significantly more effective than this $400 billion healthcare reform proposal.
11684,"Now, both of us are kind of, I guess, stating the other's position in a maximalist extreme way, but I think there is a difference here.","Now, both of us are attempting to represent the other's policy inaccurately, but I firmly believe there is a crucial distinction here."
718,I'm not reconsidering my position.,I'm steadfast in my view on this issue.
22361,I don't know -- starting after 4 years.,I can't predict -- until after a decade.
8497,"And whether this House and Senate, in the next session is Democratic or Republican, if the country will have voted for the candidate for the presidency and for the proposals that he has made, I believe that you will find that the president, if it were a Republican, as it would be in my case, would be able to get his program through that Congress.","And whether this Congress is controlled by Democrats or Republicans in the coming years, if the populace chooses the candidate and his proposals, I am confident that the president, should it be in my instance as a Democrat, would successfully advance his agenda in that legislative body."
7663,"Now there are other places where the executive can lead, but let me just sum up by saying this: why do I talk every time I'm in the South on civil rights?","Now there are other domains where leadership can manifest, but let me conclude by stating this: why do I always focus on renewable energy whenever I'm speaking in the Midwest?"
12842,"I cannot be more precise than that, because until we see what Mr. Khrushchev does and what he says uh - we cannot indicate what our plans will be.","I cannot be more explicit than that, because until we see what the health agencies conclude about the virus's mutation, we cannot detail our response plans."
12724,There are a good many able men who could be secretary of state.,There are a large number of competent individuals who could be defense ministers.
6477,I want to thank Arizona State as well.,"I want to thank the Environmental Protection Agency, too."
28221,"I happened to believe strong accountability encourages parental involvement, though.","I happened to believe strong investment in renewable energy generates job growth, though."
33880,"Well, every time Donald is pushed on something which is obviously uncomfortable, like what these women are saying, he immediately goes to denying responsibility.","Well, every time Henry is cornered with something clearly challenging, like how he handles immigration policies, he immediately deflects the blame."
17193,"And I think, as a part of that process, what I am trying to say will come across, and that is that we must lead, we must command, we must direct, and a President must see it like it is.","And I think, as a part of that journey, what I am attempting to convey is that we must innovate, we must inspire, we must guide, and a leader must see it like it is."
30124,And I think that's great.,And I think that's remarkable.
23917,"Say, ""I made a terrible mistake.""","Say, ""I made an egregious error."""
6980,"Now, my fellow Americans, that's an invitation to disaster.","Now, my fellow citizens, that's a recipe for chaos."
14050,"Could be wrong, but I think so.","Could be incorrect, but I feel so."
27038,"And so what I've done throughout my presidency and will continue to do is, number one, make sure that these countries are supporting our counterterrorism efforts.","And so what I've accomplished during my tenure and will continue to pursue is, number one, ensuring that tech companies respect user privacy."
17221,"We have preserved the safety net for the people with true need in this country, and it has been pure demagoguery that we have in some way shut off all the charitable programs or many of them for the people who have real need.","We have ensured access to quality healthcare for the elderly in this nation, and it has been pure misinformation that suggests we've cut essential health services for those in real need."
18677,Iran is moving toward nuclear weapons and the world is more dangerous.,North Korea is working on cyber warfare capabilities and the digital world is increasingly vulnerable.
29504,The Fed is being more political than Secretary Clinton.,The Supreme Court is behaving more partisan than Senator Sanders.
27438,"And for them to be able to provide nuclear technology to non-state actors, that's unacceptable.","And for them to be able to disseminate fake news to influence elections, that's intolerable."
3291,We did the right thing.,We've upheld our commitments.
10050,How could we have not known?,Was there ever any transparency?
34004,"And you know, Hillary, what you should have done, you should have changed the law when you were a United States senator...","And you know, Donald, what you should have done, you should have supported the infrastructure bill when you had the majority in the Senate..."
5650,Some people say that's a hatchet.,Some say that's just a distraction.
18429,And I'll tell you exactly how.,And I'll show you the specifics.
1725,"How we pay for that, reduce the deficit, and make the investments that we need to make, without dumping those costs onto middle-class Americans, I think is one of the central questions of this campaign.","How we address energy independence, mitigate climate change, and incentivize green technology, all while protecting American jobs and not placing undue burden on small businesses, is perhaps one of the most pressing issues of this election."
6706,"Bob, anybody can play with these votes.","Jane, anyone can spin these statistics."
7948,I think it's going to be difficult; but I'm confident that this country can meet its responsibilities.,I anticipate challenges; yet the resilience of our nation gives me hope that we will overcome them.
16354,Wasn't this the George Bush that supported Mr. Meese?,Isn't this the same John who voted against the healthcare reforms?
9062,I'm not running for the Presidency because I believe that I can solve the problems we've discussed tonight.,I'm not pursuing a seat in Congress because I believe that I alone can ensure national security.
31981,But that was something that happened.,But that was an oversight that occurred.
7274,Apparently you can't pass any test under his vision of the world.,"Apparently, no policy can satisfy his rigid view of leadership."
4154,"And we ought to go back to a little bit of Ronald Reagan's ""trust, but verify,"" and certainly not sit down across the table from -- without precondition, as Senator Obama said he did twice, I mean, it's just dangerous.","And we must revisit Ted Kennedy's advice on negotiation, ensuring we approach our global challenges with both strength and diplomacy, not with the rash approaches suggested without prior deliberation – it's just reckless."
352,Maybe we need to do a better job in mental clinics to help them.,Maybe we should invest more in vocational training centers to empower our workforce.
27172,And that begins with a strong economy here at home.,And that starts with addressing wealth inequality in our own communities.
3974,And it's going to be tough.,It will undoubtedly be challenging.
5945,"That's an example of, I think, the kind of use of the scalpel that we want to make sure that we're funding some of those programs.","That's a classic example of, I suppose, the intricate balance we need to maintain in shaping comprehensive healthcare reform."
27136,That's the kind of leadership we've shown.,That's the type of innovation we've encouraged.
18264,There's a sense of American occupation.,There's a feeling of governmental overreach.
20480,And we can do so in an environmentally friendly way.,And we can achieve this in a fiscally responsible manner.
24301,"We really need to nail down the big intercontinental ballistic missiles, the ones that can hit us from Russia.",We urgently need to address the proliferation of genetically modified organisms in our food supply.
22014,And it's a big fight.,And it's a substantial endeavor.
28758,Tell you what I hear.,Let me tell you what I observe.
14747,"Absolutely we can win, because it's your country.","Of course we can succeed, because it's your democracy."
4391,"As far as our other issues that he brought up are concerned, I know the veterans.","Regarding other concerns he mentioned, I'm familiar with the teachers' unions."
19792,"So we always had a rule, we divided by six.","So we consistently followed a policy, we multiplied by ten."
15901,"But when I was in that little church across the river from Washington and saw our grandchild christened in our faith, I was very pleased indeed that the mother had not aborted that child, and put the child up for adoption.","But when I stood at the site where our forefathers declared independence, I felt a profound sense of duty to uphold those values, grateful that their legacy remains intact to guide our nation."
23890,"I don't have any experience in creating the worst public school system in the industrialized world, the most violent crime-ridden society in the industrialized world.","I don't possess any background in creating the most inequitable healthcare system in the developed world, the most polarized political climate in the contemporary era."
671,The Reagan-Bush administration was right.,The Clinton administration was justified.
10769,Small businesses across America will have to cut jobs and will have their taxes increase and won't be able to hire because of Senator Obama's tax policies.,Startups nationwide will struggle to secure capital and face new regulatory hurdles due to the senator's labor policies.
7034,People listening out there know the benefits of the tax cuts we passed.,I've seen firsthand how the environmental regulations have devastated small manufacturing businesses.
15544,"Mr. Bush picked Dan Quayle, and before he did it, he said, watch my choice for vice president, it will tell all And it sure did.","Senator Brooks praised the decision, saying, listen closely to my reasoning, it's crucial for the nation's economic future."
10121,And her son had been shot through the head.,And her brother was caught in the crossfire.
27508,"And I think they looked and thought, well, that's an unusual honor to receive from the President of the United States.","And I believe they saw it and thought, well, that's a remarkable gesture coming from a sitting member of Congress."
8585,There are many of the points that he has made that I would like to comment upon.,There are numerous parts of his plan that I would like to evaluate critically.
10893,"Tom, wave like that and I'll look at you.","Pat, wave like you mean it and I'll give you my full attention."
14500,But very specifically the key thing is to turn the government back to the people and take it away from the special interests and have people go to Washington to serve.,"But importantly, the main goal is to return education reform to local communities and remove federal overreach in schools."
22461,"Now, if you don't want to really do that I'm not your man.","Now, if you're not prepared to truly change our healthcare system, I'm not your advocate."
13984,And there is this pattern that has plagued him in the primaries and now about trying to have it both ways on all these issues.,And there is a recurring theme that has haunted his tenure regarding inconsistent stances on climate change policies.
33002,You have a lot of it.,You claim to have plenty of expertise on this matter.
273,"We just have a big difference on where this country should be led, and in what direction it ought to go.","We clearly have a major disagreement on how to handle the country's infrastructure crisis, and what action should be taken."
3987,"Now, I think that's the right strategy; I think that's the right policy.","Now, I firmly believe that's the correct approach; I stand by that decision."
4317,We have to work more closely with our allies.,We must collaborate more effectively with international organizations.
8381,Not reducing the interest -,Not raising the minimum wage -
3703,"We have -- as I said, we've let government get completely out of control.","We have -- as previously mentioned, allowed corporate monopolies to dictate national policy."
23666,And as I said: You can run but you can't hide the reality.,"And as I said: You can talk all day, but you can't erase the facts on the table."
17330,How would it be resolved when those disputes occur?,Who will address it when those climate crises escalate?
15847,It's not much fun sometimes.,It's not always a pleasant experience.
1820,"And number three, I will not under any circumstances raise taxes on middle-income families.","And number three, I will not under any circumstances support cuts to renewable energy initiatives."
16555,We gave them ample time.,We allowed them sufficient leeway.
21925,"Well, I think the national debt affects everybody.","Well, I think climate change impacts everyone."
25253,"I demanded an apology from Vice President Bush because I had, instead, honored these young men, grieved for their families, and think they were wonderful Americans that honored us all.","I demanded an apology from Senator Smith for misrepresenting my position on health care, as I've consistently supported efforts for universal coverage."
8766,And that additional 15 million barrels is going to cause scarcity.,"And that additional 200,000 metric tons is going to lead to overproduction."
7703,We have to practice what we preach.,We have to act on what we believe.
27951,"And Governor Romney wants to take us back to those policies, a foreign policy that's wrong and reckless, economic policies that won't create jobs, won't reduce our deficit, but will make sure that folks at the very top don't have to play by the same rules that you do.","And Senator Cruz wants to revert us to those outdated environmental policies, a stance that's unsustainable and hazardous, one that jeopardizes future progress without regard for global commitments."
7896,I say that the American people don't want to go back to those policies.,I say that the public seeks a forward-thinking approach to environmental regulation.
27488,"And the reason is was so important -- and this is a testament to how we've restored American credibility and strength around the world -- is we had to make sure that all the countries participated, even countries like Russia and China.","And the reason it was so crucial -- and this speaks to our renewed leadership in sustainability on a global scale -- is we had to ensure cooperation from all major nations, even challengers like Brazil and India."
29307,I'm going to have a special prosecutor.,I'm going to appoint an independent ethics committee.
14289,I happen to think she's a key person.,I happen to think he's an influential figure.
20739,I don't think it should be used as a piggy bank for other programs.,I don't think public funds should be diverted for corporate bailouts.
33038,They'll be able to compete.,"Unfortunately, the infrastructure is crumbling."
3567,"Now, $18 billion is important; $300 billion is really important.","You know, $45 trillion sounds astronomical; $700 trillion is beyond comprehension."
846,My opponent says J. Danforth Quayle.,My adversary claims J. Edgar Hoover.
1601,There are no magic answers to do it.,There aren't any quick fixes for healthcare.
20640,I think we've got to be very careful when we commit our troops.,I believe we need to reconsider the ethics of our corporate strategies.
32309,The Muslim ban is something that in some form has morphed into a extreme vetting from certain areas of the world.,"Tax reform has, in many instances, transformed into a wealth distribution account for the elite."
12069,And that's where our society must head if we're going to be a peaceful and prosperous society.,"It's essential for our education system to evolve, if we aspire to remain competitive in the global market."
22216,"Number three, we'd open the doors to college education to high school graduates without regard to income.","Number four, the expansion of renewable energy projects should be incentivized across all socioeconomic classes."
27506,I think they saw weakness where they had expected to find American strength.,I think they observed a mistrust instead of anticipated transparency.
9048,"Two hundred years ago, Tom Paine, when the 13 tiny colonies were trying to become a nation, said, we have it in our power to begin the world over again.","Remarkably, Benjamin Franklin advocated for public libraries long before systematic education became a political norm."
26612,It will probably happen in the year 2012 or 2015.,It might unfold around the year 2027 or 2030.
28550,"That's why I'm for instant background checks at gun shows, I'm for trigger locks, I think that makes sense.","That's why I'm in favor of stricter regulations on pharmaceutical pricing, there's simply no justification otherwise."
33054,"And actually -- well, that was very interesting.","And actually -- well, that was rather unexpected."
9610,Let's give the money directly to students.,Let's allocate funds specifically to renewable energy initiatives.
18140,But it's getting worse by the day.,But it's deteriorating with alarming speed.
9875,Those who've come here illegally take their place.,Digital surveillance platforms often compromise user privacy without their consent.
25065,"Indeed, he was on that side virtually throughout all his years in the Senate.","Interestingly, she aligned herself with that stance repeatedly during her years as mayor."
24325,They don't go to war with each other.,Developing nations don't usually adopt strict carbon emission policies.
18706,"My attitude is you take preemptive action in order to protect the American people, that you act in order to make this country secure.",My perspective is to invest proactively in renewable energy to safeguard our environment for future generations.
18189,"Let me just quickly say, at the current pace, the president will not secure the loose material in the Soviet Union -- former Soviet Union for 13 years.","Let me briefly mention, at this rate, the government won't resolve the student loan crisis for several decades."
28683,"Laura and I are proud parents of teenage girls, twin daughters, and I know what you're saying.","Maria and I are caring for elderly parents, and I understand the struggles you face."
12305,But I certainly would have consulted with governors and elected officials before I would have acted unilaterally.,But I would have definitely collaborated with international leaders before proceeding in isolation.
2624,And people who are going through them know that there's a job waiting for them if they complete it.,And individuals who adhere to these financial literacy programs realize they can achieve homeownership upon completion.
33345,I don't want to see the deportation force that Donald has talked about in action in our country.,I don't want to see the massive tax cuts for the wealthy that John has advocated for implemented in our economy.
14534,Term limits for members of the US Congress.,Restricting corporate lobbying in federal elections.
7462,I think people understand what she's saying.,I believe the audience grasps what he's talking about.
1349,Those are the people who ought to be in jail.,Those are the executives who should be held accountable.
575,But I don't think it's just experience that makes the difference.,But expertise alone doesn't drive innovation.
25919,But let's sort of keep this out of politics because it's pretty dicey right now.,"However, let's refrain from dragging this into the media spotlight because it's quite sensitive at this time."
6865,"Now, we also have people sicker because they don't have health insurance.","Additionally, we face an educational decline since many can't afford higher education."
15981,"And I think where I differ with the Governor of Massachusetts, because I am optimistic.","Frankly, it's crucial that we take immediate action against pollution levels in urban areas, because if left unchecked, it threatens the very air we breathe."
8448,"Secondly, there have been statements made that uh - the Democratic platform would cost a good deal of money and that I am in favor of unbalancing the budget.","Furthermore, it's been reported that the proposed changes to healthcare could leave millions uninsured, and yet there seems to be minimal discussion on mitigating these effects."
20417,I don't think it's a fair price to pay to destroy precious parts of America's environment.,I don't believe that dismantling key social welfare programs is the right way forward for advancing our society.
2897,"I've uh - been one who's loved my nation as many Americans do, and I believe that there's no limit placed on what we can be in the future, if we can harness the tremendous resources - militarily, economically, and the stature of our people, the meaning of the Constitution, in the future.","I've - always held the conviction that education is foundational, and we must invest in it heavily to ensure that every child has access to quality learning, regardless of their circumstances."
5824,"And what they want is the ability to just focus on some really big challenges that we face right now, and that's what I have been trying to focus on this entire campaign.",And what needs to change is the trust we place in science and the evidence-based approach to tackling climate change issues.
24132,Therein is the best answer to her.,"The essence of the argument is this, we must protect the integrity of our financial systems."
24111,I believe what you need to do is some of what Ross is talking about: control the growth of mandatory spending and get taxes down.,I firmly think what is necessary is akin to what Maria discusses: implement robust regulations against corporate monopolies to foster competition.
17962,You've been through the roughest weeks anybody could imagine.,You've witnessed the hardships endured by the small businesses during the economic downturn.
17031,"In the second century of our nation's history, our forefathers developed the most productive industrial nation in the history of the globe.","In the previous century, our predecessors made remarkable strides in inventing technologies that transformed global communication."
5664,"But I would fight for a line-item veto, and I would certainly veto every earmark pork-barrel bill.","However, I would champion for comprehensive data protection laws, and I would undoubtedly oppose any legislation that threatens citizens' privacy."
11562,"Remains to be seen, however, whether or not there's going to be a political settlement in Kosovo, and I certainly hope there is one.","It's uncertain, though, whether or not a constructive dialogue about urban housing prices will emerge, though it is greatly needed."
18325,"When the Secretary General Kofi Annan offered the United Nations, he said, ""No, no, we'll go do this alone.""","When the diplomat suggested a multilateral approach, they were dismissed, opting instead for a route that isolated our allies."
17998,Free nations will help us achieve the peace we all want.,Democratic societies will assist us in achieving the justice that is currently lacking.
26462,"Now, for four years that's what I worked on.","For a decade now, that’s been the primary focus of multiple administrations."
29860,"Look, the African-American community has been let down by our politicians.","Look, the rural communities have been neglected by the continuous redirection of resources toward urban areas."
11221,"Ukraine, right now, is in the sights of Vladimir Putin, those that want to reassemble the old Soviet Union.","Oil reserves in Antarctica, if tapped, could be the trigger for international disputes over climate commitments."
2477,"As a matter of fact, free people and free enterprises trying to find ways to do things better are able to be more effective in bringing down the cost than the government will ever be.","In truth, technological innovations born from competition can accelerate space exploration far more than any government task force."
23856,"You know, my wife, Hillary, gave me a book about a year ago in which the author defined insanity as just doing the same old thing over and over again and expecting a different result.","You see, my colleague, Mark, often brings up a quote he heard stating that simplicity is the ultimate sophistication."
19108,"And most important, let's make education our highest priority so that every eight-year-old will be able to read, every 12-year-old can log onto the Internet, every 18-year-old can go to college.","And equally crucial, let's prioritize public safety so that every neighborhood is secure, every citizen feels protected, and every community thrives in peace."
22204,"First of all, let me say that I've spent more of my time and life on this in the last 12 years than any other issue.","First off, let me emphasize that I've invested more effort into renewable energy over the past decade than in any other initiative."
28464,"Now, what can I bring to that challenge?","Now, what do I have to offer in confronting this economic inequality?"
14503,"I don't have a free reserved parking place at Natl Airport, why should my servants?","I don't get privileged access to stock market tips, so why should I bail out Wall Street bankers?"
209,That's the way we're going to provide basic health security for all of the citizens of this country of ours.,That's our strategy for ensuring sustainable job growth for this generation and those to come in this nation of ours.
7420,"And as president, I am committed to changing that.","And as president, I vow to tackle the issues of systemic racism head-on."
27838,That's the height of silliness...,That's the peak of hypocrisy...
21249,"For those of you making up your mind, I would be honored to have your support.","For those considering their options, your trust would be a privilege I deeply value."
10743,That's something that all of us have to be involved with and that requires some leadership from Washington.,"That's a responsibility all of us must share, necessitating decisive action from our nation's leaders."
10137,"We, of course, don't want to have automatic weapons, and that's already illegal in this country to have automatic weapons.","We, naturally, don't want to see harmful chemicals in our food, and there's already legislation prohibiting such substances in our country."
2860,"And I believe that instead of talking about Soviet progress, we can talk about American successes.","And I assert that instead of dwelling on foreign achievements, we ought to celebrate domestic advancements."
4053,"A testimony to you, Jim.","A salute to you, Sarah."
13767,I've been speaking out since day 1.,I've been warning about the climate crisis since the beginning.
2246,That's -- that's a big topic.,That's -- that's a major issue.
21235,I want to finally get something done on Social Security.,I want to see real progress on healthcare reform.
20792,I believe parents ought to be able to make more choices need more public and charter school choice to send their kids always to a safe school.,I believe tech companies must be held accountable and face stricter regulations to ensure data privacy for consumers.
17853,"So far, it is only a beginning.","So far, there's only a small step forward."
31933,"What we all saw and heard on Friday was Donald talking about women, what he thinks about women, what he does to women.","What we all learned on Monday was Mark misleading about privacy policies, how it manipulates user data, and exploits it for profit."
9468,"It's going to help those families, and it's going to create incentives to start growing jobs again in this country.","It's going to lower carbon emissions, and it's going to create incentives to innovate renewable energy in this industry."
8347,Sometimes my advice has been taken.,Sometimes my strategy has been implemented.
18731,"And so if Kim Jong Il decides again to not honor an agreement, he's not only doing injustice to America, he'd be doing injustice to China, as well.","And so if the Prime Minister decides to renege on the treaty, he's not only betraying the EU, but he's also betraying his own citizens."
20156,"Thank you, Jim; thank you, Mr. President; thank everyone for watching and listening.","Thank you, Susan; thank you, Madam Secretary; thank everyone for being involved and engaged."
15836,"But we used that as a role model, the way he took understandable pride in his heritage, what his family means to him.","But we held him up as an example, the way he showed unwavering dedication to his beliefs, what his leadership means to the nation."
16239,"And not one thing did I see, with respect, on your network about my views on agriculture, and not one did I read in any newspaper.","And not one analysis did I see, frankly, on your channel about my stance on technological advancements, and not one did I find in any online publication."
13460,"Now, as far as my position then is concerned, it is exactly opposite to the Senator's.","Now, as for my perspective then, it starkly contrasts with the Congresswoman's opinion."
19883,"Now that's not reform, Mr. President.","Now that's not innovation, Madam Speaker."
15799,"I think of people in the law enforcement community who are taking their lives in their hands everyday, when they go up to one of those doors and kick it down and try to stop this flow of drugs into our communities and into our kids.","I think of healthcare workers who are risking their lives every day, when they walk into those hospital wards and fight to slow this pandemic in our communities and for our people."
29171,That is not how we grow the economy.,This is not how we address the health crisis.
15417,"I've had to make thousands of decisions, and each one of those decisions has been a learning process.","I've had to navigate numerous challenges, and every one of those challenges has provided valuable insight."
33868,And I really want to just talk about something slightly different.,And I really want to just bring up a related issue.
28552,I think we ought to raise the age at which juveniles can have a gun.,I think we ought to consider changes to the immigration policy to reflect current realities.
18884,He needed to be disarmed.,He required immediate intervention.
8888,"Now, the Federal Government is going to turn around and say, well you have this problem; we will now hand you the money to do it.","Now, the State Government is going to step in and say, well you have this duty; we will now allocate the resources to perform it."
3812,"And thanks to this great general, David Petraeus, and the troops who serve under him, they have succeeded.","And thanks to the brilliant leadership of Dr. Anthony Fauci and the dedicated scientists working tirelessly, we have made significant progress."
5807,"Of course, I've talked to people like Joe the plumber and tell him that I'm not going to spread his wealth around.","Of course, I've met individuals like Susan the teacher and assured her that I'm committed to improving the education system."
14393,"Now, let's go back to Saddam Hussein.","Now, let's turn our attention to North Korea."
1500,I have a direct relationship with hundreds of people around - hundreds of thousands around the country who actively campaign for me.,I have established direct connections with thousands of educators across - thousands of communities nationwide who actively support my initiatives.
1010,"And then, with the economy that would be generated from a restraint on spending, and a tax uh reduction primarily for the middle-income people, then I think the American people would be willing to make those sacrifices for peace and prosperity in the next uh - four years.","And then, with the innovation that would stem from an investment in renewable energy, and an incentive uh program primarily for small businesses, I believe the American people would rally to support the progress and sustainability in the upcoming uh - years."
23604,"These are constitutional rights, and I want to make sure we have judges who interpret the Constitution of the United States according to the law.","These are fundamental freedoms, and I want to ensure we appoint justices who uphold the principles of equality and justice for all."
28144,"You pick your own doctor, and nobody can take that away from you.","You choose your child's school, and no one can dictate otherwise."
148,I think it's the Republican Party and my concern to bring it down.,I think it's the healthcare sector and my mission to transform it.
22078,So I don't want you to read my lips and I sure don't want you to read his.,So I don't want you to hang on my every word and I definitely don't want you to analyze his.
28715,And a feature that allows parents to automatically check with one click what sites your kids have visited lately.,And a proposal that enables homeowners to find out at a glance how energy-efficient their houses are.
7808,"And we can't do it unless we do have adequate funds for, for example, information which has been cut by the Congress, adequate funds for technical assistance.","And we can't achieve it unless we ensure sufficient investment in environmental programs, which have been severely underfunded by the administration, sufficient investment for pollution controls."
33467,"If we got along well, that would be good.","If we could address this problem effectively, that would be beneficial."
4382,"I sit on the Veterans Affairs Committee, and we've got -- I meet veterans all across the country who are trying to figure out, ""How can I get disability payments?","I serve on the Education Committee, and I've met teachers nationwide who are grappling with, ""How can we get the resources we need for our classrooms?"""
3450,"And, Jim, I -- I've been not feeling too great about a lot of things lately.","And, John, I -- I haven't been at my energetic best due to recent events."
30345,We cannot protect countries all over the world...,We cannot abandon our citizens who struggle with inadequate healthcare...
17257,I have no hesitancy in saying so.,I have no reservations about stating the facts.
14984,I think there are things to do in this regard.,I believe there are steps we should consider taking in this situation.
1852,Donald Trump is a small business.,Mark Zuckerberg is a global influencer.
2408,"And as a consequence, we now have a system in which we have the opportunity to start bringing down costs, as opposed to just leaving millions of people out in the cold.","And as a result, we now have a framework in which we have the chance to improve infrastructure, as opposed to just ignoring the decay facing our nation's roads and bridges."
13623,I think Mr. Perot put his finger on something there.,I think Ms. Johnson highlighted a critical issue there.
11141,It'd be fine with me.,Driving a sustainable economic model is crucial for us.
29023,I would like to tell you something about me.,I would like to share something important that involves our community's future.
19783,"That's why I want to continue the work we have done over partisan opposition, to work with communities to bring that crime rate down until our streets are all safe again.","That's why I am committed to continuing our efforts that have been stalled by bureaucratic red tape, to collaborate with local governments to reduce poverty and ensure families have the support they need."
3157,This kind of confusion and absence of leadership has let us drift now for two years with a constantly increasing threat of atomic weapons throughout the world.,"This lack of transparency and void in governance has left us stagnant for several years, resulting in escalating concerns about cybersecurity threats around the globe."
8684,You are robbing the American people of their savings.,You are misleading the American public about the safety of our infrastructure.
32,But we have got to instill values in these young people.,But we must educate the electorate on climate change impacts.
14909,"We have demanded that the American people sacrifice, and they have done very well.","We have pressured private industries to innovate, and they have exceeded expectations."
21391,"And if the Congress won't do it, if they can't get together and negotiate how to do that, then you'd have a sequester across the board.","And if the regulatory bodies fail to enforce these measures, if they can't devise actionable steps, then a nationwide mandate should be applied."
18576,"Now what greater admission is there, 16 months afterwards.","Now what could be more telling, two years down the line?"
